traffic_sensitivity,zone_influence,weather_impact,time_pattern,capacity_factor,mse,rmse,mae,r2
0.2,0.2,0.1,0.3,0.1,2843.915328352177,53.32837263926377,50.12368776310172,-4.519404851718439
0.2,0.2,0.1,0.3,0.3,2835.9095625771365,53.25325870383085,50.04476158860508,-4.503867447344981
0.2,0.2,0.1,0.3,0.5,2827.9165968020957,53.178159020429575,49.96583541410843,-4.48835488491439
0.2,0.2,0.1,0.3,0.7,2819.936431027055,53.10307364952668,49.88690923961178,-4.472867164426664
0.2,0.2,0.1,0.5,0.1,1614.2570630578018,40.177818047497325,36.8399764199166,-2.132912635245183
0.2,0.2,0.1,0.5,0.3,1608.408881175379,40.10497327234341,36.76212407092331,-2.121562619605203
0.2,0.2,0.1,0.5,0.5,1602.5734992929558,40.0321558162055,36.68427172193002,-2.110237445908088
0.2,0.2,0.1,0.5,0.7,1596.7509174105328,39.95936582843292,36.60662536534318,-2.098937114153839
0.2,0.2,0.1,0.7,0.1,795.0518178976554,28.19666324049098,24.446221782838666,-0.5430181121512165
0.2,0.2,0.1,0.7,0.3,791.3612199078499,28.131143238550578,24.380181514382294,-0.5358554852447126
0.2,0.2,0.1,0.7,0.5,787.6834219180444,28.065698315168365,24.314408760694945,-0.5287177002810741
0.2,0.2,0.1,0.7,0.7,784.0184239282389,28.000328996785715,24.24863694861441,-0.5216047572603018
0.2,0.2,0.1,0.9,0.1,386.29959287173693,19.654505663377467,15.67235688994875,0.250278717563462
0.2,0.2,0.1,0.9,0.3,384.7665787745489,19.615467844906195,15.636288598852447,0.2532539557364898
0.2,0.2,0.1,0.9,0.5,383.2463646773608,19.576679102374868,15.601222729616536,0.2562043519666519
0.2,0.2,0.1,0.9,0.7,381.73895058017285,19.538140919242363,15.566578914005396,0.25912990625394816
0.2,0.2,0.3,0.3,0.1,2828.3573945300573,53.182303396243164,49.97023670723669,-4.489210374912311
0.2,0.2,0.3,0.3,0.3,2820.3765239836193,53.107217249481444,49.89131053274004,-4.473721286620617
0.2,0.2,0.3,0.3,0.5,2812.4084534371814,53.03214547269591,49.8123843582434,-4.45825704027179
0.2,0.2,0.3,0.3,0.7,2804.4531828907434,52.95708812699905,49.733458183746755,-4.442817635865828
0.2,0.2,0.3,0.5,0.1,1602.8962632295963,40.036186921703674,36.688708486718156,-2.1108638586638024
0.2,0.2,0.3,0.5,0.3,1597.0729765757753,39.9633954585415,36.61109127171652,-2.099562159105585
0.2,0.2,0.3,0.5,0.5,1591.2624899219545,39.890631605954226,36.533771993574746,-2.088285301490233
0.2,0.2,0.3,0.5,0.7,1585.4648032681337,39.817895515309864,36.45645655733314,-2.0770332858177474
0.2,0.2,0.3,0.7,0.1,787.8881520633626,28.06934541565518,24.31834741519918,-0.5291150357945815
0.2,0.2,0.3,0.7,0.3,784.2224493021595,28.003972027234983,24.252575603118647,-0.5220007249698406
0.2,0.2,0.3,0.7,0.5,780.569546540956,27.938674745609465,24.186947110176344,-0.514911256087965
0.2,0.2,0.3,0.7,0.7,776.9294437797528,27.873454105649568,24.121443754471645,-0.5078466291489556
0.2,0.2,0.3,0.9,0.1,383.3330610313572,19.578893253484917,15.602035287666546,0.2560360936953513
0.2,0.2,0.3,0.9,0.3,381.8249421627715,19.540341403434372,15.56741716211061,0.25896301578661596
0.2,0.2,0.3,0.9,0.5,380.32962329418564,19.50204151606148,15.533062071047633,0.26186509593501506
0.2,0.2,0.3,0.9,0.7,378.84710442559975,19.463995078749885,15.499104774392878,0.2647423341405485
0.2,0.2,0.5,0.3,0.1,2812.8484107778763,53.03629333558178,49.81678565137166,-4.459110899265611
0.2,0.2,0.5,0.3,0.3,2804.8924354600404,52.961235214636375,49.73785947687501,-4.443670127055681
0.2,0.2,0.5,0.3,0.5,2796.9492601422044,52.88619158289056,49.658933302378365,-4.428254196788616
0.2,0.2,0.5,0.3,0.7,2789.0188848243683,52.81116250211094,49.58000712788173,-4.412863108464417
0.2,0.2,0.5,0.5,0.1,1591.5844134713277,39.89466647900854,36.5382564655202,-2.0889100832418483
0.2,0.2,0.5,0.5,0.3,1585.7860220461093,39.82192890915895,36.460941029278594,-2.0776566997653942
0.2,0.2,0.5,0.5,0.5,1580.0004306208907,39.74921924542532,36.38362559303698,-2.0664281582318056
0.2,0.2,0.5,0.5,0.7,1574.227639195672,39.67653764122661,36.30631015679538,-2.0552244586410824
0.2,0.2,0.5,0.7,0.1,780.7734362990074,27.94232338763202,24.190947690216603,-0.5153069605973735
0.2,0.2,0.5,0.7,0.3,777.1326287664065,27.87709864326642,24.125444334511908,-0.5082409658543954
0.2,0.2,0.5,0.7,0.5,773.5046212338052,27.811951050471183,24.060291863124444,-0.5011998130542827
0.2,0.2,0.5,0.7,0.7,769.8894137012041,27.746881152684605,23.995325420171422,-0.4941835021970362
0.2,0.2,0.5,0.9,0.1,380.4154792609151,19.504242596443348,15.533948367841973,0.26169846866781366
0.2,0.2,0.5,0.9,0.3,378.9322556209315,19.466182358668366,15.500003282127134,0.2645770746773154
0.2,0.2,0.5,0.9,0.5,377.46183198094786,19.428376977528202,15.466265105059852,0.2674308387439517
0.2,0.2,0.5,0.9,0.7,376.0042083409643,19.390827943668736,15.432708058079987,0.27025976086772185
0.2,0.2,0.7,0.3,0.1,2797.388377095632,52.890342947419356,49.663334595506626,-4.429106424778339
0.2,0.2,0.7,0.3,0.3,2789.4572970063987,52.8153130920039,49.58440842100998,-4.41371396865017
0.2,0.2,0.7,0.3,0.5,2781.5390169171646,52.7402978463069,49.50548224651333,-4.398346354464868
0.2,0.2,0.7,0.3,0.7,2773.633536827931,52.66529727275762,49.426556072016695,-4.3830035822224325
0.2,0.2,0.7,0.5,0.1,1580.3215137829968,39.7532579014978,36.38811006498244,-2.067051308979321
0.2,0.2,0.7,0.5,0.3,1574.5480175863806,39.68057481421332,36.31079462874084,-2.05584624158463
0.2,0.2,0.7,0.5,0.5,1568.7873213897642,39.60791993263171,36.233589632035056,-2.044666016132804
0.2,0.2,0.7,0.5,0.7,1563.039425193148,39.53529341225569,36.156542652169286,-2.033510632623844
0.2,0.2,0.7,0.7,0.1,773.7076706045896,27.815601208756743,24.064307755584597,-0.5015938865595919
0.2,0.2,0.7,0.7,0.3,770.0917583005909,27.750527171579837,23.999341312631582,-0.4945762078983771
0.2,0.2,0.7,0.7,0.5,766.4886459965919,27.685531347557554,23.93437486967856,-0.4875833711800275
0.2,0.2,0.7,0.7,0.7,762.898333692593,27.620614288834943,23.86959799843757,-0.48061537640454377
0.2,0.2,0.7,0.9,0.1,377.54684756041047,19.430564777185722,15.467185114726787,0.2672658424808493
0.2,0.2,0.7,0.9,0.3,376.0885191490291,19.393001808617175,15.433628067746922,0.2700961324085881
0.2,0.2,0.7,0.9,0.5,374.64299073764766,19.355696596548718,15.400083789715731,0.27290158039346135
0.2,0.2,0.7,0.9,0.7,373.21026232626633,19.31865063419975,15.367059327083119,0.2756821864354685
0.2,0.4,0.1,0.3,0.1,2823.924913914576,53.140614542123764,49.92637232686011,-4.48060791942767
0.2,0.4,0.1,0.3,0.3,2815.9511481395352,53.06553635024841,49.84744615236347,-4.465132619911377
0.2,0.4,0.1,0.3,0.5,2807.9901823644946,52.99047256219267,49.76851997786682,-4.44968216233795
0.2,0.4,0.1,0.3,0.7,2800.0420165894543,52.91542323925468,49.68959380337018,-4.43425654670739
0.2,0.4,0.1,0.5,0.1,1599.6606083517447,39.99575737939894,36.645417311651904,-2.1045841747881058
0.2,0.4,0.1,0.5,0.3,1593.844426469322,39.92298118213771,36.5679452397501,-2.09329626400529
0.2,0.4,0.1,0.5,0.5,1588.0410445868988,39.85023267920651,36.49062980350849,-2.0820331951653395
0.2,0.4,0.1,0.5,0.7,1582.250462704476,39.7775120225546,36.413314367266885,-2.070794968268255
0.2,0.4,0.1,0.7,0.1,785.8493229231418,28.03300417228132,24.281522854654682,-0.52515812352783
0.2,0.4,0.1,0.7,0.3,782.1907249333364,27.96767285516148,24.215751042574144,-0.5180576014784903
0.2,0.4,0.1,0.7,0.5,778.5449269435308,27.902417940808117,24.150194852283743,-0.5109819213720161
0.2,0.4,0.1,0.7,0.7,774.9119289537252,27.837239966521917,24.084743299680646,-0.5039310832084078
0.2,0.4,0.1,0.9,0.1,382.4910576287669,19.557378598083304,15.583827420226168,0.25767023435315817
0.2,0.4,0.1,0.9,0.3,380.99004353157886,19.518966251612273,15.549397705951705,0.26058336766902157
0.2,0.4,0.1,0.9,0.5,379.5018294343908,19.48080669362516,15.515128794387518,0.2634716590420193
0.2,0.4,0.1,0.9,0.7,378.02641533720276,19.442901412525927,15.481293514980768,0.26633510847215114
0.2,0.4,0.3,0.3,0.1,2808.429218163962,52.994614992128795,49.772921270995084,-4.450534232825951
0.2,0.4,0.3,0.3,0.3,2800.480347617524,52.9195648849981,49.69399509649843,-4.435107249391421
0.2,0.4,0.3,0.3,0.5,2792.544277071086,52.844529301253935,49.61506892200179,-4.419705107899758
0.2,0.4,0.3,0.3,0.7,2784.6210065246473,52.76950830285087,49.536142747505146,-4.40432780835096
0.2,0.4,0.3,0.5,0.1,1588.3620465950444,39.85426008088777,36.49511427545394,-2.0826561884111325
0.2,0.4,0.3,0.5,0.3,1582.5707599412237,39.78153792830568,36.41779883921234,-2.07141659371008
0.2,0.4,0.3,0.5,0.5,1576.7922732874028,39.708843766690094,36.34048340297072,-2.0602018409518923
0.2,0.4,0.3,0.5,0.7,1571.0265866335822,39.636177750050294,36.26316796672912,-2.0490119301365706
0.2,0.4,0.3,0.7,0.1,778.7478951603546,27.90605481182094,24.154195432324,-0.5113758373756023
0.2,0.4,0.3,0.7,0.3,775.1141923991513,27.84087269464,24.088759192140802,-0.5043236314080257
0.2,0.4,0.3,0.7,0.5,771.4932896379479,27.775768029668377,24.02379274918778,-0.4972962673833148
0.2,0.4,0.3,0.7,0.7,767.8851868767447,27.71074136281353,23.958826306234762,-0.4902937453014695
0.2,0.4,0.3,0.9,0.1,379.5867638598927,19.482986523115308,15.51601752607073,0.26330682028064
0.2,0.4,0.3,0.9,0.3,378.11064499130686,19.445067369163493,15.482192022715022,0.2661716375147405
0.2,0.4,0.3,0.9,0.5,376.6473261227211,19.407403899613186,15.448566571902992,0.2690116128059751
0.2,0.4,0.3,0.9,0.7,375.1968072541352,19.36999760594036,15.415009524923127,0.2718267461543441
0.2,0.4,0.5,0.3,0.1,2792.982472483286,52.84867521975632,49.61947021513005,-4.420555547383658
0.2,0.4,0.5,0.3,0.3,2785.0584971654503,52.773653437728285,49.5405440406334,-4.405176880030892
0.2,0.4,0.5,0.3,0.5,2777.1473218476144,52.69864629995361,49.461617866136756,-4.389823054620991
0.2,0.4,0.5,0.3,0.7,2769.2489465297786,52.62365386905188,49.38269169164011,-4.374494071153958
0.2,0.4,0.5,0.5,0.1,1577.1124349082816,39.712874926253846,36.34496787491618,-2.060823203193586
0.2,0.4,0.5,0.5,0.3,1571.346043483063,39.64020740968775,36.26765243867457,-2.049631924574296
0.2,0.4,0.5,0.5,0.5,1565.5924520578444,39.56756818478796,36.19059261591435,-2.0384654878978714
0.2,0.4,0.5,0.5,0.7,1559.8516606326261,39.49495740765682,36.11354563604858,-2.0273238931643136
0.2,0.4,0.5,0.7,0.1,771.695417467505,27.779406355563196,24.027808641647937,-0.49768855238280185
0.2,0.4,0.5,0.7,0.3,768.0866099349038,27.714375510462144,23.962842198694915,-0.49068466249698783
0.2,0.4,0.5,0.7,0.5,764.4906024023027,27.649423183898477,23.898025192703773,-0.48370561455403993
0.2,0.4,0.5,0.7,0.7,760.9073948697016,27.584549930526357,23.833327206126597,-0.4767514085539577
0.2,0.4,0.5,0.9,0.1,376.7314201609561,19.409570323965344,15.44948658156992,0.268848405048695
0.2,0.4,0.5,0.9,0.3,375.2801965209725,19.372150023189796,15.415929534590054,0.27166490620103245
0.2,0.4,0.5,0.9,0.5,373.84177288098886,19.334988308271324,15.382618040384216,0.2744565654105041
0.2,0.4,0.5,0.9,0.7,372.41614924100526,19.298086673061796,15.34959790615603,0.27722338267711
0.2,0.4,0.7,0.3,0.1,2777.5846768725482,52.70279572159857,49.46601915926502,-4.390671863100793
0.2,0.4,0.7,0.3,0.3,2769.6855967833144,52.627802507641476,49.38709298476837,-4.375341511829789
0.2,0.4,0.7,0.3,0.5,2761.7993166940805,52.55282406012145,49.30816681027173,-4.360036002501652
0.2,0.4,0.7,0.3,0.7,2753.9258366048466,52.47786044233174,49.22924063577508,-4.34475533511638
0.2,0.4,0.7,0.5,0.1,1565.9117732914563,39.57160311753185,36.19506614210218,-2.0390852191354663
0.2,0.4,0.7,0.5,0.3,1560.1702770948402,39.49899083641049,36.11801916223641,-2.0279422565979397
0.2,0.4,0.7,0.5,0.5,1554.4415808982237,39.426407151783735,36.04097218237063,-2.016824136003278
0.2,0.4,0.7,0.5,0.7,1548.7256847016072,39.35385222188048,35.96392520250486,-2.0057308573514825
0.2,0.4,0.7,0.7,0.1,764.6918898445927,27.65306293784818,23.90194699172616,-0.48409626854942767
0.2,0.4,0.7,0.7,0.3,761.1079775405938,27.58818547024421,23.837249005148976,-0.4771406947453769
0.2,0.4,0.7,0.7,0.5,757.5368652365948,27.523387604664418,23.7725510185718,-0.4702099628841918
0.2,0.4,0.7,0.7,0.7,753.9785529325961,27.458669904651174,23.70801964356887,-0.46330407296587284
0.2,0.4,0.7,0.9,0.1,373.925026531957,19.337141115789503,15.38356939419721,0.27429498865732316
0.2,0.4,0.7,0.9,0.3,372.4986981205756,19.30022533859581,15.350549259969021,0.27706317372789746
0.2,0.4,0.7,0.9,0.5,371.0851697091942,19.263571052875793,15.317542337988067,0.2798065168556062
0.2,0.4,0.7,0.9,0.7,369.68444129781284,19.227179754134845,15.28480230441451,0.28252501804044905
0.2,0.6,0.1,0.3,0.1,2804.0144994769744,52.952946088739715,49.7290568906185,-4.441966249279812
0.2,0.6,0.1,0.3,0.3,2796.072733701934,52.877904021452416,49.65013071612185,-4.426553054620683
0.2,0.6,0.1,0.3,0.5,2788.1437679268934,52.802876511861484,49.5712045416252,-4.411164701904422
0.2,0.6,0.1,0.3,0.7,2780.2276021518533,52.72786362211021,49.49227836712857,-4.395801191131025
0.2,0.6,0.1,0.5,0.1,1585.144153645687,39.81386886055771,36.45197208538769,-2.076410976473939
0.2,0.6,0.1,0.5,0.3,1579.3599717632642,39.74116218435571,36.374656649146075,-2.065185170548287
0.2,0.6,0.1,0.5,0.5,1573.5885898808413,39.668483584337345,36.29734121290446,-2.053984206565502
0.2,0.6,0.1,0.5,0.7,1567.830007998418,39.595833215105074,36.22016905347159,-2.042808084525581
0.2,0.6,0.1,0.7,0.1,776.726827948628,27.869819302403595,24.117443174431394,-0.507453397047354
0.2,0.6,0.1,0.7,0.3,773.1002299588225,27.804680001014624,24.052260078204135,-0.5004149798551787
0.2,0.6,0.1,0.7,0.5,769.486431969017,27.739618453919242,23.98729363525111,-0.493401404605869
0.2,0.6,0.1,0.7,0.7,765.8854339792115,27.67463520950568,23.9225305879476,-0.48641267129942545
0.2,0.6,0.1,0.9,0.1,378.7625223857968,19.461822175371882,15.498206266658624,0.2649064889999434
0.2,0.6,0.1,0.9,0.3,377.2935082886088,19.424044591397767,15.464425085725996,0.2677575174586424
0.2,0.6,0.1,0.9,0.5,375.8372941914207,19.386523519997613,15.43086803874613,0.27058370397447573
0.2,0.6,0.1,0.9,0.7,374.39388009423266,19.349260453418694,15.397325823282504,0.2733850485474433
0.2,0.6,0.3,0.3,0.1,2788.581041797867,52.80701697499933,49.57560583475346,-4.4120133528825
0.2,0.6,0.3,0.3,0.3,2780.6641712514283,52.73200329260617,49.49667966025682,-4.396648474305135
0.2,0.6,0.3,0.3,0.5,2772.7601007049907,52.65700428912559,49.41775348576017,-4.381308437670637
0.2,0.6,0.3,0.3,0.7,2764.8688301585516,52.58202002736821,49.338827311263536,-4.365993242979003
0.2,0.6,0.3,0.5,0.1,1573.9078299604926,39.672507230580884,36.301825684849916,-2.0546037803013735
0.2,0.6,0.3,0.5,0.3,1568.1485433066716,39.599855344517,36.22464257965941,-2.0434262904574845
0.2,0.6,0.3,0.5,0.5,1562.4020566528507,39.52723183645486,36.14759559979363,-2.0322736425564614
0.2,0.6,0.3,0.5,0.7,1556.66836999903,39.454636863099246,36.07054861992786,-2.0211458365983046
0.2,0.6,0.3,0.7,0.1,769.6876382573462,27.743244912182607,23.991309527711273,-0.4937919010995335
0.2,0.6,0.3,0.7,0.3,766.085935496143,27.678257450499714,23.926452386969984,-0.48680179998912143
0.2,0.6,0.3,0.7,0.5,762.4970327349398,27.613348814204695,23.8617544003928,-0.47983654082157523
0.2,0.6,0.3,0.7,0.7,758.9209299737364,27.54851956047251,23.797056413815618,-0.47289612359689426
0.2,0.6,0.3,0.9,0.1,375.9204666884282,19.388668512521125,15.43178804841306,0.27042228472301766
0.2,0.6,0.3,0.9,0.3,374.4763478198424,19.351391366510118,15.39823944630921,0.27322499709995374
0.2,0.6,0.3,0.9,0.5,373.04502895125654,19.314373636006334,15.36515661945713,0.27600286753402403
0.2,0.6,0.3,0.9,0.7,371.62651008267073,19.277616815433145,15.332151758926575,0.27875589602522854
0.2,0.6,0.5,0.3,0.1,2773.196534188696,52.66114824221645,49.422154778888434,-4.382155457644616
0.2,0.6,0.5,0.3,0.3,2765.30455887086,52.58616318834129,49.34322860439178,-4.366838895149013
0.2,0.6,0.5,0.3,0.5,2757.4253835530244,52.511192935916284,49.264302429895146,-4.351547174596278
0.2,0.6,0.5,0.3,0.7,2749.5590082351882,52.43623754842817,49.185376255398495,-4.336280295986407
0.2,0.6,0.5,0.5,0.1,1562.7204563452349,39.531259230452484,36.15206912598146,-2.0328915852882337
0.2,0.6,0.5,0.5,0.3,1556.9860649200168,39.45866273608391,36.07502214611569,-2.0217624115261086
0.2,0.6,0.5,0.5,0.5,1551.264473494798,39.386094925681554,35.997975166249915,-2.0106580797068485
0.2,0.6,0.5,0.5,0.7,1545.5556820695797,39.31355595808626,35.920928186384145,-1.9995785898304548
0.2,0.6,0.5,0.7,0.1,762.697398636002,27.616976638220233,23.865676199415184,-0.4802254063111404
0.2,0.6,0.5,0.7,0.3,759.120591103401,27.55214313086009,23.800978212838004,-0.47328362128249113
0.2,0.6,0.5,0.7,0.5,755.5565835707998,27.487389537218696,23.73636474744694,-0.4663666781967075
0.2,0.6,0.5,0.7,0.7,752.0053760381988,27.42271642339976,23.671935217245597,-0.45947457705379
0.2,0.6,0.5,0.9,0.1,373.1273610609971,19.31650488729773,15.366107973270124,0.2758430792866652
0.2,0.6,0.5,0.9,0.3,371.7081374210135,19.2797338524424,15.333087839041935,0.2785974755818382
0.2,0.6,0.5,0.9,0.5,370.3017137810299,19.24322513979998,15.300283290068062,0.2813270299341455
0.2,0.6,0.5,0.9,0.7,368.9080901410463,19.206980245240175,15.26769024004335,0.2840317423435871
0.2,0.6,0.7,0.3,0.1,2757.8609766494637,52.51534039354085,49.2687037230234,-4.352392563566158
0.2,0.6,0.7,0.3,0.3,2749.993896560229,52.440384214460416,49.189777548526756,-4.337124317152318
0.2,0.6,0.7,0.3,0.5,2742.139616470996,52.3654429607064,49.11085137403011,-4.321880912681346
0.2,0.6,0.7,0.3,0.7,2734.298136381762,52.29051669645044,49.03192519953347,-4.306662350153238
0.2,0.6,0.7,0.5,0.1,1551.5820327999154,39.39012608255926,36.002448692437746,-2.011274391434522
0.2,0.6,0.7,0.5,0.3,1545.8725366032993,39.31758558969891,35.925401712571976,-2.00019353375416
0.2,0.6,0.7,0.5,0.5,1540.1758404066827,39.24507409098221,35.8483547327062,-1.9891375180166624
0.2,0.6,0.7,0.5,0.7,1534.4919442100663,39.17259174742037,35.77130775284043,-1.9781063442220312
0.2,0.6,0.7,0.7,0.1,755.7561090845954,27.49101869856036,23.74023440866954,-0.46675391268217425
0.2,0.6,0.7,0.7,0.3,752.2041967805966,27.426341294102585,23.6758048784682,-0.4598604437352878
0.2,0.6,0.7,0.7,0.5,748.6650844765977,27.361744909208507,23.611375348266854,-0.4529918167312672
0.2,0.6,0.7,0.7,0.7,745.1387721725989,27.297230119054184,23.546945818065513,-0.4461480316701125
0.2,0.6,0.7,0.9,0.1,370.3832055035036,19.245342436639145,15.301166499061893,0.28116887269088575
0.2,0.6,0.7,0.9,0.3,368.98887709212215,19.209083192389016,15.268560693676255,0.2838749529042959
0.2,0.6,0.7,0.9,0.5,367.60734868074076,19.17308917938736,15.236077472199744,0.2865561911748401
0.2,0.6,0.7,0.9,0.7,366.23862026935933,19.13736189419428,15.203594250723233,0.28921258750251877
0.2,0.8,0.1,0.3,0.1,2784.1840850393733,52.765368235608605,49.531741454376885,-4.403479841274866
0.2,0.8,0.1,0.3,0.3,2776.274319264333,52.69036267918767,49.45281527988024,-4.388128751472903
0.2,0.8,0.1,0.3,0.5,2768.3773534892925,52.615371836463275,49.37388910538359,-4.372802503613805
0.2,0.8,0.1,0.3,0.7,2760.4931877142517,52.540395770437925,49.29496293088695,-4.357501097697572
0.2,0.8,0.1,0.5,0.1,1570.70769893963,39.63215486116835,36.25869254340447,-2.0483930403026838
0.2,0.8,0.1,0.5,0.3,1564.955517057207,39.55951866564111,36.18164556353871,-2.0372293392341967
0.2,0.8,0.1,0.5,0.5,1559.216135174784,39.48691093482477,36.10459858367293,-2.0260904801085755
0.2,0.8,0.1,0.5,0.7,1553.489553292361,39.41433182602949,36.02755160380716,-2.0149764629258193
0.2,0.8,0.1,0.7,0.1,767.6843329741143,27.707117009427638,23.95487958123619,-0.48990393270978916
0.2,0.8,0.1,0.7,0.3,764.0897349843088,27.642173123405275,23.890181594659012,-0.4829276203747783
0.2,0.8,0.1,0.7,0.5,760.5079369945033,27.577308371095672,23.82548360808183,-0.47597614998263316
0.2,0.8,0.1,0.7,0.7,756.9389390046979,27.51252331220635,23.76084019010242,-0.4690495215333539
0.2,0.8,0.1,0.9,0.1,375.1139871428267,19.36785964279034,15.414089515256197,0.2719874815038177
0.2,0.8,0.1,0.9,0.3,373.6769730456387,19.33072613860221,15.380715332758228,0.2747764051053523
0.2,0.8,0.1,0.9,0.5,372.2527589484506,19.293852879828087,15.34769519853004,0.2775404867640212
0.2,0.8,0.1,0.9,0.7,370.84134485126265,19.25724136140124,15.314892711006564,0.28027972647982413
0.2,0.8,0.3,0.3,0.1,2768.812865431771,52.61951031159233,49.37829039851185,-4.3736477350819625
0.2,0.8,0.3,0.3,0.3,2760.9279948853327,52.54453344435873,49.29936422401521,-4.358344961361761
0.2,0.8,0.3,0.3,0.5,2753.055924338895,52.46957141371458,49.22043804951856,-4.343067029584427
0.2,0.8,0.3,0.3,0.7,2745.1966537924563,52.3946242833409,49.14151187502192,-4.327813939749958
0.2,0.8,0.3,0.5,0.1,1559.5336133259407,39.49093077310208,36.109072109860755,-2.0267066343345252
0.2,0.8,0.3,0.5,0.3,1553.8063266721201,39.41835012620544,36.032025129994985,-2.0155912493478017
0.2,0.8,0.3,0.5,0.5,1548.091840018299,39.34579825112586,35.9549781501292,-2.0045007063039426
0.2,0.8,0.3,0.5,0.7,1542.3901533644785,39.27327530731908,35.87793117026344,-1.99343500520295
0.2,0.8,0.3,0.7,0.1,760.7073813543382,27.580924229516643,23.82940540710421,-0.47636322696637645
0.2,0.8,0.3,0.7,0.3,757.1376785931349,27.51613487743391,23.764709851325016,-0.46943523071312865
0.2,0.8,0.3,0.7,0.5,753.5807758319316,27.451425752261606,23.70028032112367,-0.4625320764027465
0.2,0.8,0.3,0.7,0.7,750.0366730707283,27.386797422676647,23.635850790922333,-0.4556537640352303
0.2,0.8,0.3,0.9,0.1,372.33416951696364,19.295962518541636,15.348646552343036,0.27738248702248447
0.2,0.8,0.3,0.9,0.3,370.9220506483778,19.25933671361446,15.3157759200004,0.28012309454225603
0.2,0.8,0.3,0.9,0.5,369.52273177979197,19.222974061778057,15.283061397148694,0.28283886011916204
0.2,0.8,0.3,0.9,0.7,368.13621291120614,19.18687605920271,15.250578175672187,0.28552978375320215
0.2,0.8,0.5,0.3,0.1,2753.4905958941063,52.47371338007351,49.22483934264682,-4.343910630048485
0.2,0.8,0.5,0.3,0.3,2745.6306205762703,52.398765448970934,49.14591316815017,-4.328656172410047
0.2,0.8,0.5,0.3,0.5,2737.7834452584348,52.323832478694015,49.06698699365354,-4.313426556714476
0.2,0.8,0.5,0.3,0.7,2729.9490699405983,52.248914533611114,48.988060819156885,-4.298221782961769
0.2,0.8,0.5,0.5,0.1,1548.408477782189,39.34982182656218,35.95945167631704,-2.005115229525794
0.2,0.8,0.5,0.5,0.3,1542.7060863569707,39.2772973402826,35.88240469645126,-1.994048160620833
0.2,0.8,0.5,0.5,0.5,1537.016494931752,39.20480193715755,35.80535771658549,-1.9830059336587373
0.2,0.8,0.5,0.5,0.7,1531.3397035065332,39.13233577882278,35.72831073671972,-1.9719885486395072
0.2,0.8,0.5,0.7,0.1,753.7793798044995,27.4550428847689,23.704149982346273,-0.4629175223823907
0.2,0.8,0.5,0.7,0.3,750.2345722718985,27.39041022460048,23.63972045214493,-0.45603784221090593
0.2,0.8,0.5,0.7,0.5,746.7025647392974,27.325858902133294,23.575290921943584,-0.4491830039822866
0.2,0.8,0.5,0.7,0.7,743.1833572066963,27.261389495157733,23.510880202171425,-0.4423530076965334
0.2,0.8,0.5,0.9,0.1,369.60330196103814,19.22506962174749,15.283931850781606,0.2826824913817244
0.2,0.8,0.5,0.9,0.3,368.2160783210545,19.18895719733239,15.251448629305095,0.28537478281973305
0.2,0.8,0.5,0.9,0.5,366.8416546810708,19.15311083560764,15.218965407828584,0.288042232314876
0.2,0.8,0.5,0.9,0.7,365.4800310410872,19.117532033217238,15.186482186352073,0.2906848398671531
0.2,0.8,0.7,0.3,0.1,2738.217276426379,52.32797795086658,49.0713882867818,-4.314268526174434
0.2,0.8,0.7,0.3,0.3,2730.382196337145,52.25305920553499,48.992462112285146,-4.299062384617759
0.2,0.8,0.7,0.3,0.5,2722.5599162479116,52.17815554662614,48.9135359377885,-4.283881085003951
0.2,0.8,0.7,0.3,0.7,2714.750436158678,52.10326703920473,48.83460976329186,-4.268724627333008
0.2,0.8,0.7,0.5,0.1,1537.332292308375,39.208829264699744,35.80983124277332,-1.9836188258764893
0.2,0.8,0.7,0.5,0.3,1531.6547961117585,39.13636155944697,35.73278426290755,-1.9726000730532913
0.2,0.8,0.7,0.5,0.5,1525.990099915142,39.06392325298551,35.655894286743354,-1.9616061621729584
0.2,0.8,0.7,0.5,0.7,1520.3382037185258,38.991514509166294,35.579254790196046,-1.9506370932354917
0.2,0.8,0.7,0.7,0.1,746.9003283245985,27.329477278656437,23.579160583166185,-0.4495668189578319
0.2,0.8,0.7,0.7,0.3,743.3804160205996,27.265003503036628,23.51479842451652,-0.44273545486811017
0.2,0.8,0.7,0.7,0.5,739.8733037166007,27.200612193783446,23.450637350691014,-0.4359289327212539
0.2,0.8,0.7,0.7,0.7,736.378991412602,27.136303937946337,23.38668067054657,-0.4291472525172637
0.2,0.8,0.7,0.9,0.1,366.92138447505005,19.15519210227478,15.219835861461489,0.2878874945815376
0.2,0.8,0.7,0.9,0.3,365.55905606366866,19.119598742224394,15.187352639984983,0.2905314699377832
0.2,0.8,0.7,0.9,0.5,364.20952765228725,19.08427435487887,15.155067914655044,0.29315060335116316
0.2,0.8,0.7,0.9,0.7,362.8727992409059,19.049220436566582,15.123249097483024,0.2957448948216772
0.4,0.2,0.1,0.3,0.1,2838.4733331481953,53.27732475592403,50.069023333571515,-4.508843153754916
0.4,0.2,0.1,0.3,0.3,2830.4764854939604,53.20222256159944,49.99009715907487,-4.493323057463297
0.4,0.2,0.1,0.3,0.5,2822.492437839725,53.12713466619224,49.91117098457823,-4.477827803114543
0.4,0.2,0.1,0.3,0.7,2814.5211901854896,53.05206113041688,49.83224481008158,-4.462357390708656
0.4,0.2,0.1,0.5,0.1,1610.29040342429,40.12842388412844,36.78628514474882,-2.1252142343089613
0.4,0.2,0.1,0.5,0.3,1604.4511396626724,40.055600602945304,36.70843279575553,-2.1138815267508186
0.4,0.2,0.1,0.5,0.5,1598.6246759010544,39.9828047528066,36.630786439168666,-2.1025736611355406
0.4,0.2,0.1,0.5,0.7,1592.8110121394373,39.91003648381491,36.553347924313854,-2.0912906374631297
0.4,0.2,0.1,0.7,0.1,792.5604938346133,28.152450938321753,24.402530507670875,-0.5381830082422951
0.4,0.2,0.1,0.7,0.3,788.8788139656132,28.086986559002963,24.336657082842596,-0.5310376894176283
0.4,0.2,0.1,0.7,0.5,785.2099340966129,28.021597636405616,24.270885270762058,-0.5239172125358269
0.4,0.2,0.1,0.7,0.7,781.5538542276129,27.95628470000284,24.20511345868152,-0.5168215775968918
0.4,0.2,0.1,0.9,0.1,385.2836043791648,19.628642448706554,15.65017729229641,0.2522505244450831
0.4,0.2,0.1,0.9,0.3,383.7595084027821,19.589780713494015,15.614813333643383,0.2552084545362737
0.4,0.2,0.1,0.9,0.5,382.2482124263994,19.551169080809448,15.580001916870463,0.25814154268459866
0.4,0.2,0.1,0.9,0.7,380.74971645001676,19.51280903534949,15.54560575964298,0.2610497888900576
0.4,0.2,0.3,0.3,0.1,2822.9326647797798,53.13127765054949,49.91557227770649,-4.478682185340545
0.4,0.2,0.3,0.3,0.3,2814.960712354147,53.05620333527595,49.83664610320984,-4.463210405130688
0.4,0.2,0.3,0.3,0.5,2807.0015599285143,52.9811434373449,49.7577199287132,-4.447763466863698
0.4,0.2,0.3,0.3,0.7,2799.0552075028813,52.90609801811963,49.67879375421656,-4.4323413705395724
0.4,0.2,0.3,0.5,0.1,1598.9468690497877,39.98683369622791,36.63525234554202,-2.103198966119335
0.4,0.2,0.3,0.5,0.3,1593.1325005167723,39.9140639438879,36.557832396259315,-2.0919145746429546
0.4,0.2,0.3,0.5,0.5,1587.330931983757,39.84132191561616,36.480516960017695,-2.0806550251094404
0.4,0.2,0.3,0.5,0.7,1581.5421634507416,39.768607763545624,36.40320152377608,-2.069420317518792
0.4,0.2,0.3,0.7,0.1,785.4140934540243,28.025240292529595,24.274823925266293,-0.5243134402774148
0.4,0.2,0.3,0.7,0.3,781.7573088136263,27.959923261940943,24.20909476118306,-0.5172164375345107
0.4,0.2,0.3,0.7,0.5,778.1133241732283,27.894682722218374,24.14359140547836,-0.5101442767344726
0.4,0.2,0.3,0.7,0.7,774.4821395328304,27.82951921131284,24.078322950530058,-0.5030969578773004
0.4,0.2,0.3,0.9,0.1,382.33433799248877,19.553371524943948,15.58082472666242,0.2579743921852179
0.4,0.2,0.3,0.9,0.3,380.8351372447084,19.514997751593732,15.546444007748194,0.26088400619464536
0.4,0.2,0.3,0.9,0.5,379.34873649692787,19.476876969805193,15.512292693855963,0.26376877826120726
0.4,0.2,0.3,0.9,0.7,377.8751357491474,19.43901066796218,15.47846719050026,0.2666287083849034
0.4,0.2,0.5,0.3,0.1,2807.4409464813025,52.98528990655144,49.762121221841454,-4.4486162180856
0.4,0.2,0.5,0.3,0.3,2799.493889284271,52.9102437084188,49.68319504734481,-4.4331927539575045
0.4,0.2,0.5,0.3,0.5,2791.559632087241,52.835212047338665,49.60426887284816,-4.417794131772278
0.4,0.2,0.5,0.3,0.7,2783.63817489021,52.7601949853316,49.52534269835152,-4.402420351529916
0.4,0.2,0.5,0.5,0.1,1587.6522847452231,39.845354619393504,36.485001431963155,-2.0812786990891357
0.4,0.2,0.5,0.5,0.3,1581.86281144081,39.772638980092964,36.40768599572154,-2.0700426236945186
0.4,0.2,0.5,0.5,0.5,1576.0861381363966,39.69995136188956,36.33037055947993,-2.0588313902427666
0.4,0.2,0.5,0.5,0.7,1570.3222648319836,39.62729191897907,36.2531765085318,-2.0476449987338814
0.4,0.2,0.5,0.7,0.1,778.3166431433726,27.898326887886533,24.147591985518613,-0.5105388734719609
0.4,0.2,0.5,0.7,0.3,774.684753731577,27.83315924812663,24.082338842990215,-0.5034901868108201
0.4,0.2,0.5,0.7,0.5,771.0656643197811,27.768069150010792,24.017372400037193,-0.4964663420925448
0.4,0.2,0.5,0.7,0.7,767.4593749079855,27.703057140106136,23.952421165858134,-0.4894673393171358
0.4,0.2,0.5,0.9,0.1,379.43402167575033,19.479066242398538,15.513191201590221,0.2636032587659257
0.4,0.2,0.5,0.9,0.3,377.9597161565721,19.44118607895547,15.479365698234517,0.26646455669359037
0.4,0.2,0.5,0.9,0.5,376.4982106373938,19.403561802859645,15.445795306402136,0.26930101267838913
0.4,0.2,0.5,0.9,0.7,375.0495051182156,19.366194905510365,15.41223825942227,0.2721126267203222
0.4,0.2,0.7,0.3,0.1,2791.9981782527616,52.839362015951345,49.60867016597642,-4.41864525199008
0.4,0.2,0.7,0.3,0.3,2784.076016284333,52.76434417562994,49.529743991479776,-4.40327010394375
0.4,0.2,0.7,0.3,0.5,2776.1666543159054,52.6893409933727,49.45081781698313,-4.387919797840286
0.4,0.2,0.7,0.3,0.7,2768.2700923474767,52.614352531866025,49.37189164248649,-4.372594333679687
0.4,0.2,0.7,0.5,0.1,1576.4066505105961,39.70398784140701,36.334855031425384,-2.0594534332183634
0.4,0.2,0.7,0.5,0.3,1570.6420724347852,39.63132690731898,36.257650034719624,-2.0482656739055094
0.4,0.2,0.7,0.5,0.5,1564.8902943589742,39.55869429542606,36.180603054853854,-2.037102756535521
0.4,0.2,0.7,0.5,0.7,1559.151316283163,39.48609016201988,36.10355607498808,-2.0259646811083973
0.4,0.2,0.7,0.7,0.1,771.2681429026587,27.771714799462035,24.02138829249735,-0.49685930782593446
0.4,0.2,0.7,0.7,0.3,767.6611487194652,27.706698625413047,23.95642184954433,-0.4898589372465565
0.4,0.2,0.7,0.7,0.5,764.0669545362716,27.641761060689884,23.891644978303336,-0.4828834086100442
0.4,0.2,0.7,0.7,0.7,760.4855603530783,27.57690266061579,23.82694699172616,-0.47593272191639824
0.4,0.2,0.7,0.9,0.1,376.5826554289494,19.405737693500583,15.446715316069064,0.2691371241872068
0.4,0.2,0.7,0.9,0.3,375.13324513837335,19.368356800161788,15.413158269089202,0.2719501060331083
0.4,0.2,0.7,0.9,0.5,373.6966348477973,19.33123469537829,15.379945233123388,0.27473824593614427
0.4,0.2,0.7,0.9,0.7,372.2728245572213,19.29437287286688,15.3469250988952,0.2775015438963142
0.4,0.4,0.1,0.3,0.1,2818.505214012607,53.08959609954296,49.87170789732991,-4.470089491668741
0.4,0.4,0.1,0.3,0.3,2810.540366358372,53.01452976645527,49.79278172283327,-4.454631500234286
0.4,0.4,0.1,0.3,0.5,2802.5883187041377,52.93947788469525,49.713855548336625,-4.439198350742697
0.4,0.4,0.1,0.3,0.7,2794.6490710499024,52.86444051581273,49.634929373839974,-4.423790043193973
0.4,0.4,0.1,0.5,0.1,1595.7162440202462,39.94641716124546,36.592005642434664,-2.0969290440564774
0.4,0.4,0.1,0.5,0.3,1589.9089802586286,39.873662739440284,36.51469020619305,-2.0856584413554984
0.4,0.4,0.1,0.5,0.5,1584.114516497011,39.80093612588793,36.43737476995144,-2.0744126805973857
0.4,0.4,0.1,0.5,0.7,1578.332852735393,39.728237473305974,36.36005933370983,-2.063191761782138
0.4,0.4,0.1,0.7,0.1,783.380294162113,27.98893163666868,24.237999364721794,-0.5203662898235013
0.4,0.4,0.1,0.7,0.3,779.7306142931131,27.92365689327086,24.172342503290455,-0.5132830758559994
0.4,0.4,0.1,0.7,0.5,776.0937344241128,27.85845893842861,24.1068663703131,-0.5062247038313623
0.4,0.4,0.1,0.7,0.7,772.4696545551127,27.793338312536562,24.04182383659339,-0.49919117374959154
0.4,0.4,0.1,0.9,0.1,381.4973644382081,19.531957516803278,15.562786967696667,0.25959877103018636
0.4,0.4,0.1,0.9,0.3,380.00526846182544,19.493723822344087,15.528424551589286,0.26249459626421245
0.4,0.4,0.1,0.9,0.5,378.52597248544276,19.45574394582337,15.494481434443856,0.2653655795553729
0.4,0.4,0.1,0.9,0.7,377.05947650906006,19.41801937657546,15.460733810558212,0.2682117209036676
0.4,0.4,0.3,0.3,0.1,2803.026783715698,52.94361891404571,49.71825684146488,-4.440049313458777
0.4,0.4,0.3,0.3,0.3,2795.086831290065,52.86858075728972,49.639330666968235,-4.424639638106085
0.4,0.4,0.3,0.3,0.5,2787.1596788644324,52.79355717191665,49.560404492471584,-4.409254804696259
0.4,0.4,0.3,0.3,0.7,2779.245326438799,52.71854822013595,49.48147831797494,-4.393894813229298
0.4,0.4,0.3,0.5,0.1,1584.4349477172495,39.804961345506285,36.44185924189689,-2.0750345660712584
0.4,0.4,0.3,0.5,0.3,1578.6525791842341,39.73226118891592,36.36454380565529,-2.063812279452043
0.4,0.4,0.3,0.5,0.5,1572.8830106512187,39.65958913870917,36.287228369413675,-2.0526148347756927
0.4,0.4,0.3,0.5,0.7,1567.1262421182034,39.58694534967561,36.21017949241108,-2.0414422320422085
0.4,0.4,0.3,0.7,0.1,776.2961318530296,27.862091304369628,24.110856021086388,-0.5066175120630285
0.4,0.4,0.3,0.7,0.3,772.6713472126316,27.796966510981584,24.04583972905355,-0.4995826141772892
0.4,0.4,0.3,0.7,0.5,769.0593625722336,27.73191956162129,23.98087328610053,-0.49257255823441515
0.4,0.4,0.3,0.7,0.7,765.4601779318358,27.66695100533913,23.91615037354716,-0.48558734423440764
0.4,0.4,0.3,0.9,0.1,378.61033612303765,19.457911915800153,15.495379942178111,0.26520184856591356
0.4,0.4,0.3,0.9,0.3,377.1431353752572,19.420173412594885,15.46165382022514,0.2680493577181766
0.4,0.4,0.3,0.9,0.5,375.6887346274767,19.382691624938904,15.428096773245274,0.2708720249275741
0.4,0.4,0.3,0.9,0.7,374.24713387969626,19.345468044989147,15.394581728188406,0.27366985019410583
0.4,0.4,0.5,0.3,0.1,2787.5973034887256,52.797701687561414,49.564805785599845,-4.410104136408239
0.4,0.4,0.5,0.3,0.3,2779.6822462916953,52.72269194845513,49.485879611103194,-4.39474277713731
0.4,0.4,0.5,0.3,0.5,2771.7799890946644,52.64769690209311,49.40695343660656,-4.379406259809247
0.4,0.4,0.5,0.3,0.7,2763.890531897634,52.57271661135302,49.32802726210991,-4.36409458442405
0.4,0.4,0.5,0.5,0.1,1573.2026014841904,39.66361810884366,36.29171284135913,-2.0532350892454665
0.4,0.4,0.5,0.5,0.3,1567.4451281797774,39.590972811738,36.214653018598916,-2.042061118708014
0.4,0.4,0.5,0.5,0.5,1561.700454875364,39.51835592323349,36.13760603873314,-2.0309119901134265
0.4,0.4,0.5,0.5,0.7,1555.9685815709508,39.445767600224876,36.06055905886736,-2.0197877034617058
0.4,0.4,0.5,0.7,0.1,769.2609196138836,27.73555334969691,23.984889178560685,-0.4929637354619827
0.4,0.4,0.5,0.7,0.3,765.6610302020879,27.67058059026026,23.920072172569547,-0.4859771536580062
0.4,0.4,0.5,0.7,0.5,762.0739407902921,27.605686747304297,23.855374185992364,-0.4790154137968954
0.4,0.4,0.5,0.7,0.7,758.4996513784964,27.540872378675598,23.790676199415184,-0.47207851587865046
0.4,0.4,0.5,0.9,0.1,375.7722578778047,19.38484608857663,15.429016782912203,0.2707099249422139
0.4,0.4,0.5,0.9,0.3,374.32995235862654,19.347608440286013,15.395503946424485,0.27350911801271394
0.4,0.4,0.5,0.9,0.5,372.9004468394482,19.310630410202776,15.362483812196295,0.2762834691403486
0.4,0.4,0.5,0.9,0.7,371.48374132027,19.273913492601082,15.32946367796811,0.2790329783251171
0.4,0.4,0.7,0.3,0.1,2772.216773331691,52.65184491859417,49.41135472973481,-4.380253960517129
0.4,0.4,0.7,0.3,0.3,2764.3266113632626,52.57686384107807,49.33242855523817,-4.364940917327963
0.4,0.4,0.7,0.3,0.5,2756.449249394834,52.50189757899074,49.25350238074152,-4.349652716081662
0.4,0.4,0.7,0.3,0.7,2748.5846874264057,52.426946195886764,49.17457620624488,-4.334389356778228
0.4,0.4,0.7,0.5,0.1,1562.0192053210692,39.52238865910143,36.14207956492097,-2.031530613579102
0.4,0.4,0.7,0.5,0.3,1556.2866272452582,39.449798823888294,36.0650325850552,-2.0204049591234123
0.4,0.4,0.7,0.5,0.5,1550.5668491694469,39.37723770364609,35.987985605189415,-2.0093041466105874
0.4,0.4,0.7,0.5,0.7,1544.859871093636,39.30470545740848,35.91093862532365,-1.9982281760406293
0.4,0.4,0.7,0.7,0.1,762.2746574446751,27.60932193018646,23.85929598501475,-0.47940496002036315
0.4,0.4,0.7,0.7,0.3,758.6996632614815,27.544503322105513,23.794597998437567,-0.4724666942981497
0.4,0.4,0.7,0.7,0.5,755.1374690782881,27.479764720213456,23.730066623434638,-0.4655532705188019
0.4,0.4,0.7,0.7,0.7,751.5880748950947,27.415106691295122,23.665637093233297,-0.45866468868232024
0.4,0.4,0.7,0.9,0.1,372.9831297025093,19.312771155442952,15.363435166009294,0.2761230001590874
0.4,0.4,0.7,0.9,0.3,371.56571941193334,19.276040034507435,15.330415031781106,0.2788738771478245
0.4,0.4,0.7,0.9,0.5,370.16110912135724,19.23957143808971,15.297575895035049,0.28159991219369607
0.4,0.4,0.7,0.9,0.7,368.7692988307813,19.203366861849545,15.265003646696387,0.2843011052967016
0.4,0.6,0.1,0.3,0.1,2798.6170948770196,52.90195738228425,49.6743924610883,-4.431491091725477
0.4,0.6,0.1,0.3,0.3,2790.6842472227845,52.826927293027225,49.59546628659165,-4.416095205148186
0.4,0.6,0.1,0.3,0.5,2782.76419956855,52.75191180960696,49.51654011209501,-4.400724160513762
0.4,0.6,0.1,0.3,0.7,2774.8569519143143,52.67691099442254,49.43761393759836,-4.385377957822202
0.4,0.6,0.1,0.5,0.1,1581.2220846162022,39.76458329488946,36.39871705183064,-2.0687991159469035
0.4,0.6,0.1,0.5,0.3,1575.4468208545843,39.69189868039301,36.32140161558902,-2.057590618103089
0.4,0.6,0.1,0.5,0.5,1569.6843570929668,39.619242257935305,36.24422945615614,-2.046406962202141
0.4,0.6,0.1,0.5,0.7,1563.9346933313493,39.54661418290255,36.16718247629037,-2.035248148244058
0.4,0.6,0.1,0.7,0.1,774.2800944896128,27.825888925416432,24.074307058069902,-0.5027048335476187
0.4,0.6,0.1,0.7,0.3,770.6624146206127,27.760807168031203,24.009340615116887,-0.4956837244372807
0.4,0.6,0.1,0.7,0.5,767.0575347516124,27.695803558510672,23.944577567813365,-0.48868745726980833
0.4,0.6,0.1,0.7,0.7,763.4654548826124,27.6308786484001,23.87987958123619,-0.4817160320452021
0.4,0.6,0.1,0.9,0.1,377.7911244972515,19.436849654644433,15.477568682766007,0.26679175547237843
0.4,0.6,0.1,0.9,0.3,376.3310285208688,19.399253298023325,15.44395528706828,0.2696254758492401
0.4,0.6,0.1,0.9,0.5,374.8837325444861,19.36191448551734,15.410398240088414,0.27243435428323615
0.4,0.6,0.1,0.9,0.7,373.44923656810346,19.32483470998144,15.377091171684404,0.2752183907743664
0.4,0.6,0.3,0.3,0.1,2783.2009026516157,52.75605086292582,49.52094140522326,-4.40157170371992
0.4,0.6,0.3,0.3,0.3,2775.292950225982,52.68104925137674,49.442015230726625,-4.386224133224392
0.4,0.6,0.3,0.3,0.5,2767.39779780035,52.606062367376914,49.363089056229974,-4.370901404671731
0.4,0.6,0.3,0.3,0.7,2759.515445374717,52.531090273996,49.28416288173332,-4.355603518061934
0.4,0.6,0.3,0.5,0.1,1570.0030263847111,39.6232637018294,36.24870298234397,-2.0470254281660925
0.4,0.6,0.3,0.5,0.3,1564.2526578516956,39.55063410176499,36.1716560024782,-2.035865246404041
0.4,0.6,0.3,0.5,0.5,1558.51508931868,39.47803299708181,36.094609022612424,-2.0247299065848554
0.4,0.6,0.3,0.5,0.7,1552.7903207856646,39.40546054528058,36.01756204274666,-2.0136194087085353
0.4,0.6,0.3,0.7,0.1,767.2581702520347,27.699425449854274,23.94849936683575,-0.4890768459915531
0.4,0.6,0.3,0.7,0.3,763.6653856116369,27.634496297411264,23.88380138025857,-0.4821040529629783
0.4,0.6,0.3,0.7,0.5,760.0854009712389,27.56964637007952,23.819103393681388,-0.47515610187726876
0.4,0.6,0.3,0.7,0.7,756.518216330841,27.50487622824071,23.754542066090114,-0.4682329927344253
0.4,0.6,0.3,0.9,0.1,374.9663342535866,19.364047465692355,15.411318249755343,0.27227404280369805
0.4,0.6,0.3,0.9,0.3,373.5311335058061,19.326953549533,15.3780425254974,0.2750594470987968
0.4,0.6,0.3,0.9,0.5,372.1087327580256,19.29012008148279,15.345022391269211,0.2778200094510298
0.4,0.6,0.3,0.9,0.7,370.6991320102452,19.253548556311515,15.312185315973556,0.2805557298603971
0.4,0.6,0.5,0.3,0.1,2767.8336604961487,52.61020490832695,49.367490349358235,-4.3717473168737895
0.4,0.6,0.5,0.3,0.3,2759.950603299118,52.53523201908523,49.28856417486159,-4.356448062460024
0.4,0.6,0.5,0.3,0.5,2752.080346102088,52.46027398043292,49.20963800036495,-4.341173649989126
0.4,0.6,0.5,0.3,0.7,2744.2228889050575,52.38533085611904,49.130711825868296,-4.325924079461094
0.4,0.6,0.5,0.5,0.1,1558.8329182231573,39.48205818119361,36.09908254880025,-2.0253467415447077
0.4,0.6,0.5,0.5,0.3,1553.1074449187445,39.40948420011031,36.02203556893448,-2.01423487586442
0.4,0.6,0.5,0.5,0.5,1547.3947716143311,39.336939021921,35.944988589068714,-2.003147852126997
0.4,0.6,0.5,0.5,0.7,1541.6948983099178,39.264422806274865,35.86794160920294,-1.99208567033244
0.4,0.6,0.5,0.7,0.1,760.2851960843942,27.57326959365527,23.823025192703774,-0.4755438595949144
0.4,0.6,0.5,0.7,0.3,756.7173066725985,27.50849517281159,23.758411727312712,-0.46861938264810243
0.4,0.6,0.5,0.7,0.5,753.1622172608028,27.443801071659202,23.69398219711137,-0.46171974764415613
0.4,0.6,0.5,0.7,0.7,749.6199278490071,27.379187859558712,23.629552666910026,-0.4548449545830757
0.4,0.6,0.5,0.9,0.1,372.19049407985915,19.292239218915444,15.345973745082205,0.27766132897559104
0.4,0.6,0.5,0.9,0.3,370.7801885606809,19.25565341816997,15.31306852496739,0.2803984171889268
0.4,0.6,0.5,0.9,0.5,369.3826830415027,19.2193309727863,15.280374803801735,0.2831106634593967
0.4,0.6,0.5,0.9,0.7,367.9979775223244,19.183273378710016,15.24789158232523,0.285798067787001
0.4,0.6,0.7,0.3,0.1,2752.51536841062,52.46442002357998,49.2140392934932,-4.342017931187086
0.4,0.6,0.7,0.3,0.3,2744.657206442191,52.389476103910326,49.13511311899656,-4.3267669928550845
0.4,0.6,0.7,0.3,0.5,2736.811844473763,52.314547159215316,49.05618694449991,-4.3115408964659485
0.4,0.6,0.7,0.3,0.7,2728.9792825053346,52.23963325393216,48.97726077000327,-4.296339642019679
0.4,0.6,0.7,0.5,0.1,1547.7117601315415,39.34096796129375,35.94946211525654,-2.0037630560827506
0.4,0.6,0.7,0.5,0.3,1542.0111820557304,39.26845021204339,35.87241513539077,-1.9926995064842252
0.4,0.6,0.7,0.5,0.5,1536.3234039799192,39.19596157743702,35.79536815552498,-1.9816607988285648
0.4,0.6,0.7,0.5,0.7,1530.6484259041085,39.12350221930686,35.71832117565921,-1.9706469331157717
0.4,0.6,0.7,0.7,0.1,753.3611719866913,27.447425598527293,23.697851858333962,-0.4621058743577027
0.4,0.6,0.7,0.7,0.3,749.8181778034979,27.382808070092043,23.633422328132625,-0.45522971349265373
0.4,0.6,0.7,0.7,0.5,746.2879836203043,27.31827197354006,23.56899279793128,-0.44837839457047046
0.4,0.6,0.7,0.7,0.7,742.7705894371109,27.25381788735499,23.504664196328594,-0.4415519175911531
0.4,0.6,0.7,0.9,0.1,369.46360397606924,19.221436053949486,15.281245257434646,0.2829536139880571
0.4,0.6,0.7,0.9,0.3,368.07819368549326,19.18536404881318,15.248762035958135,0.2856423861196298
0.4,0.6,0.7,0.9,0.5,366.7055833949172,19.14955830808944,15.216278814481624,0.2883063163083368
0.4,0.6,0.7,0.9,0.7,365.3457731043412,19.11402032813456,15.183795593005113,0.29094540455417806
0.4,0.8,0.1,0.3,0.1,2778.8089757414323,52.71440956457193,49.47707702484668,-4.393047953925124
0.4,0.8,0.1,0.3,0.3,2770.908128087197,52.6394161070124,49.398150850350035,-4.377714172204998
0.4,0.8,0.1,0.3,0.5,2763.0200804329625,52.56443741193244,49.3192246758534,-4.362405232427737
0.4,0.8,0.1,0.3,0.7,2755.144832778727,52.48947354259449,49.240298501356754,-4.347121134593343
0.4,0.8,0.1,0.5,0.1,1566.8079252121584,39.58292466723699,36.20570596622327,-2.0408244499802417
0.4,0.8,0.1,0.5,0.3,1561.0646614505406,39.51031082452453,36.128658986357486,-2.0296780569935917
0.4,0.8,0.1,0.5,0.5,1555.334197688923,39.43772556434921,36.05161200649172,-2.018556505949807
0.4,0.8,0.1,0.5,0.7,1549.6165339273055,39.36516904482065,35.97456502662595,-2.007459796848889
0.4,0.8,0.1,0.7,0.1,765.2598948171125,27.663331231381235,23.91222857452478,-0.485198639414647
0.4,0.8,0.1,0.7,0.3,761.6742149481125,27.598445879217774,23.8475305879476,-0.4782396351614737
0.4,0.8,0.1,0.7,0.5,758.1013350791122,27.533640062278582,23.78288716996819,-0.47130547285116564
0.4,0.8,0.1,0.7,0.7,754.5412552101122,27.468914343492212,23.718457639766847,-0.4643961524837237
0.4,0.8,0.1,0.9,0.1,374.16488455629485,19.343342124780165,15.393668105161698,0.27382947777165934
0.4,0.8,0.1,0.9,0.3,372.7367885799122,19.306392427895798,15.36058110457031,0.27660109329135674
0.4,0.8,0.1,0.9,0.5,371.32149260352946,19.269704009235053,15.327677945905894,0.27934786686818835
0.4,0.8,0.1,0.9,0.7,369.91899662714684,19.233278364000945,15.294926268053548,0.2820697985021542
0.4,0.8,0.3,0.3,0.1,2763.455021587534,52.56857446790367,49.32362596898165,-4.3632493561239745
0.4,0.8,0.3,0.3,0.3,2755.5790691619004,52.49360979359202,49.24469979448501,-4.347963890485611
0.4,0.8,0.3,0.3,0.5,2747.715916736268,52.41866000515721,49.16577361998836,-4.332703266790114
0.4,0.8,0.3,0.3,0.7,2739.865564310635,52.34372516654346,49.08684744549172,-4.317467485037482
0.4,0.8,0.3,0.5,0.1,1555.6511050521726,39.441743179684295,36.05608553267954,-2.019171552403838
0.4,0.8,0.3,0.5,0.3,1549.9327365191575,39.369185113730225,35.979038552813776,-2.0080734754989513
0.4,0.8,0.3,0.5,0.5,1544.227167986142,39.296655938974524,35.901991572948,-1.9970002405369298
0.4,0.8,0.3,0.5,0.7,1538.5343994531265,39.22415581568489,35.82494459308222,-1.9859518475177742
0.4,0.8,0.3,0.7,0.1,758.30020865104,27.53725129077047,23.786756831190786,-0.47169144206298896
0.4,0.8,0.3,0.7,0.3,754.7394240106421,27.47252125325672,23.722327300989445,-0.46478075389157847
0.4,0.8,0.3,0.7,0.5,751.1914393702442,27.407871850441875,23.657897770788104,-0.45789490766303365
0.4,0.8,0.3,0.7,0.7,747.6562547298463,27.343303654274226,23.59346824058676,-0.4510339033773545
0.4,0.8,0.3,0.9,0.1,371.4023323841354,19.27180148258422,15.328561154899731,0.2791909748985717
0.4,0.8,0.3,0.9,0.3,369.999131636355,19.23536148961997,15.295809477047381,0.28191427433650595
0.4,0.8,0.3,0.9,0.5,368.6087308885745,19.199185682954745,15.263262739430575,0.28461273183157465
0.4,0.8,0.3,0.9,0.7,367.231130140794,19.16327555875545,15.230779517954067,0.28728634738377756
0.4,0.8,0.5,0.3,0.1,2748.1500175035726,52.42280054998562,49.170174913116625,-4.333545759482251
0.4,0.8,0.5,0.3,0.3,2740.2989603065416,52.34786490685691,49.09124873861997,-4.3183086099256505
0.4,0.8,0.5,0.3,0.5,2732.4607031095115,52.27294427435202,49.01232256412334,-4.303096302311918
0.4,0.8,0.5,0.3,0.7,2724.63524591248,52.19803871710584,48.933396389626694,-4.287908836641048
0.4,0.8,0.5,0.5,0.1,1544.5432349621246,39.30067728375841,35.90646509913583,-1.9976136559868607
0.4,0.8,0.5,0.5,0.3,1538.8497616577115,39.228175609601216,35.82941811927006,-1.9865638951637372
0.4,0.8,0.5,0.5,0.5,1533.1690883532983,39.15570313955936,35.752371139404275,-1.9755389762834783
0.4,0.8,0.5,0.5,0.7,1527.5012150488853,39.08326003609327,35.67537817963186,-1.9645388993460866
0.4,0.8,0.5,0.7,0.1,751.3894725549051,27.41148431871038,23.6617674320107,-0.45827924587075786
0.4,0.8,0.5,0.7,0.3,747.8535831431095,27.346911766104586,23.597337901809357,-0.4514168737811104
0.4,0.8,0.5,0.7,0.5,744.3304937313137,27.282420965363645,23.532908371608016,-0.4445793436343284
0.4,0.8,0.5,0.7,0.7,740.820204319518,27.21801249760015,23.46866543707075,-0.4377666554304125
0.4,0.8,0.5,0.9,0.1,368.6887302819136,19.20126897582328,15.264133193063483,0.284457470866057
0.4,0.8,0.5,0.9,0.3,367.3104247627353,19.165344368488014,15.231649971586972,0.28713245422222844
0.4,0.8,0.5,0.9,0.5,365.9449192435571,19.129686856913185,15.199166750110464,0.289782595635534
0.4,0.8,0.5,0.9,0.7,364.59221372437884,19.09429793745711,15.166765708900826,0.29240789510597387
0.4,0.8,0.7,0.3,0.1,2732.893963489549,52.277088322606005,49.01672385725159,-4.303937163999956
0.4,0.8,0.7,0.3,0.3,2725.06780152112,52.20218196130426,48.93779768275494,-4.288748330525118
0.4,0.8,0.7,0.3,0.5,2717.254439552692,52.12729073674069,48.858871508258304,-4.273584338993147
0.4,0.8,0.7,0.3,0.7,2709.4538775842634,52.052414714249934,48.77994533376166,-4.258445189404041
0.4,0.8,0.7,0.5,0.1,1533.4843149420142,39.159728228653655,35.75684466559211,-1.9761507607293107
0.4,0.8,0.7,0.5,0.3,1527.8157368662035,39.087283569803155,35.67985401828699,-1.9651493159879503
0.4,0.8,0.7,0.5,0.5,1522.1599587903925,39.01486843230914,35.60321452173967,-1.9541727131894548
0.4,0.8,0.7,0.5,0.7,1516.5169807145812,38.942482980860134,35.52670445462558,-1.9432209523338253
0.4,0.8,0.7,0.7,0.1,744.5276865287078,27.286034642811472,23.53677803283061,-0.4449620508379537
0.4,0.8,0.7,0.7,0.3,741.0166923455142,27.221621780223057,23.472583659415843,-0.43814799483006905
0.4,0.8,0.7,0.7,0.5,737.5184981623207,27.15729180463915,23.4086269792714,-0.4313587807650501
0.4,0.8,0.7,0.7,0.7,734.0331039791273,27.093045306482757,23.344990118133506,-0.4245944086428972
0.4,0.8,0.7,0.9,0.1,366.0240782496292,19.13175575449439,15.200037203743369,0.28962896567411567
0.4,0.8,0.7,0.9,0.3,364.6706679590532,19.096352216039932,15.167610887058977,0.29225563294852397
0.4,0.8,0.7,0.9,0.5,363.33005766847714,19.061218682667622,15.13563164781859,0.2948574582800667
0.4,0.8,0.7,0.9,0.7,362.00224737790114,19.026356650128818,15.103953795469598,0.29743444166874355
0.6,0.2,0.1,0.3,0.1,2833.037829890522,53.22628889834911,50.014358904041316,-4.498294055210089
0.6,0.2,0.1,0.3,0.3,2825.0499003570926,53.15119848467288,49.93543272954467,-4.482791267000308
0.6,0.2,0.1,0.3,0.5,2817.074770823663,53.07612241699334,49.856506555048036,-4.467313320733391
0.6,0.2,0.1,0.3,0.7,2809.112441290233,53.00106075627386,49.777580380551385,-4.45186021640934
0.6,0.2,0.1,0.5,0.1,1606.3302357370872,40.079049835756926,36.73259386958103,-2.117528432791435
0.6,0.2,0.1,0.5,0.3,1600.4998900962746,40.006248138213046,36.65494751299418,-2.1062130333151288
0.6,0.2,0.1,0.5,0.5,1594.6823444554625,39.93347398430873,36.57740832699842,-2.094922475781689
0.6,0.2,0.1,0.5,0.7,1588.8775988146504,39.860727524904135,36.500092890756804,-2.0836567601911145
0.6,0.2,0.1,0.7,0.1,790.0756617178802,28.108284574443175,24.35890540499025,-0.5333605037520686
0.6,0.2,0.1,0.7,0.3,786.4028999696854,28.04287610017356,24.29313359290971,-0.526232493009239
0.6,0.2,0.1,0.7,0.5,782.7429382214905,27.977543462954184,24.227361780829174,-0.5191293242092747
0.6,0.2,0.1,0.7,0.7,779.0957764732958,27.91228719530694,24.161738476444814,-0.512050997352177
0.6,0.2,0.1,0.9,0.1,384.27410783290134,19.602910697978025,15.62844827506306,0.25420973190801
0.6,0.2,0.1,0.9,0.3,382.75892997732404,19.56422576994357,15.593504608811163,0.2571503539173632
0.6,0.2,0.1,0.9,0.5,381.25655212174667,19.525791971690847,15.558995021387942,0.2600661339838509
0.6,0.2,0.1,0.9,0.7,379.76697426616937,19.487610789067226,15.524658995729794,0.26295707210747277
0.6,0.2,0.3,0.3,0.1,2817.514426975811,53.080264006274604,49.86090784817629,-4.468166595187473
0.6,0.2,0.3,0.3,0.3,2809.551392670983,53.00520156240313,49.78198167367964,-4.452712123059453
0.6,0.2,0.3,0.3,0.5,2801.6011583661557,52.93015358343631,49.703055499182994,-4.437282492874299
0.6,0.2,0.3,0.3,0.7,2793.663724061328,52.85512013098947,49.62412932468636,-4.421877704632012
0.6,0.2,0.3,0.5,0.1,1595.0039668162885,39.93750075826338,36.581892798943876,-2.095546672993563
0.6,0.2,0.3,0.5,0.3,1589.1985164040786,39.86475280751254,36.504577362702264,-2.0842795895990207
0.6,0.2,0.3,0.5,0.5,1583.4058659918685,39.79203269489847,36.42726192646065,-2.0730373481473428
0.6,0.2,0.3,0.5,0.7,1577.6260155796585,39.71934057332345,36.34994649021904,-2.0618199486385316
0.6,0.2,0.3,0.7,0.1,782.9465267909948,27.981181654658453,24.231300435333406,-0.5195244441789426
0.6,0.2,0.3,0.7,0.3,779.2986602714022,27.915921268541403,24.165739056485073,-0.5124447495178759
0.6,0.2,0.3,0.7,0.5,775.6635937518095,27.85073775956051,24.100386222428664,-0.5053898967996748
0.6,0.2,0.3,0.7,0.7,772.041327232217,27.78563166876393,24.03540348744281,-0.4983598860243399
0.6,0.2,0.3,0.9,0.1,381.342106899929,19.527982663345668,15.55983326949316,0.25990009125639013
0.6,0.2,0.3,0.9,0.3,379.85182427295393,19.48978769183887,15.525545292524138,0.2627923971839805
0.6,0.2,0.3,0.9,0.5,378.3743416459788,19.451846741273148,15.491655109963343,0.265659861168705
0.6,0.2,0.3,0.9,0.7,376.9096590190037,19.41416130094225,15.457962545057352,0.2685024832105639
0.6,0.2,0.5,0.3,0.1,2802.039974131037,52.93429865532401,49.707456792311255,-4.438134136324282
0.6,0.2,0.5,0.3,0.3,2794.1018350548115,52.859264420296384,49.62853061781461,-4.422727980278026
0.6,0.2,0.5,0.3,0.5,2786.1764959785864,52.7842447703724,49.54960444331796,-4.407346666174636
0.6,0.2,0.5,0.3,0.7,2778.2639569023613,52.70923976782782,49.470678268821324,-4.391990194014111
0.6,0.2,0.5,0.5,0.1,1583.7266479654277,39.79606322194983,36.43174639840611,-2.073659914355119
0.6,0.2,0.5,0.5,0.3,1577.9460927818202,39.723369605080336,36.3544309621645,-2.062441147042339
0.6,0.2,0.5,0.5,0.5,1572.178337598212,39.65070412487289,36.277236911216356,-2.0512472216724245
0.6,0.2,0.5,0.5,0.7,1566.4233824146042,39.57806693630456,36.200189931350586,-2.0400781382453763
0.6,0.2,0.5,0.7,0.1,775.866341934047,27.854377428584666,24.10438582285599,-0.5057833857652436
0.6,0.2,0.5,0.7,0.3,772.2433706430566,27.789267184347565,24.039419379902967,-0.4987520071859399
0.6,0.2,0.5,0.7,0.5,768.6331993520662,27.724234874060386,23.974468145723904,-0.49174547054950213
0.6,0.2,0.5,0.7,0.7,765.0358280610759,27.659281047436426,23.909770159146724,-0.48476377585593
0.6,0.2,0.5,0.9,0.1,378.4590560368942,19.454024160489116,15.492553617697599,0.2654954494453434
0.6,0.2,0.5,0.9,0.3,376.99366863852134,19.416324797410073,15.458882554724283,0.26833943929117077
0.6,0.2,0.5,0.9,0.5,375.5410812401485,19.378882352709315,15.425325507744418,0.27115858719413233
0.6,0.2,0.5,0.9,0.7,374.10129384177554,19.341698318445967,15.391879785350657,0.2739528931542282
0.6,0.2,0.7,0.3,0.1,2786.6144713562003,52.788393339409375,49.554005736446214,-4.408196678620517
0.6,0.2,0.7,0.3,0.3,2778.7012275085767,52.71338755485723,49.47507956194958,-4.392838838656024
0.6,0.2,0.7,0.3,0.5,2770.8007836609545,52.63839647691554,49.39615338745294,-4.377505840634398
0.6,0.2,0.7,0.3,0.7,2762.9131398133313,52.5634201685291,49.31722721295629,-4.362197684555636
0.6,0.2,0.7,0.5,0.1,1572.4982791845043,39.65473842032632,36.28171043740418,-2.0518681568761004
0.6,0.2,0.7,0.5,0.3,1566.7426192294988,39.58209973244849,36.204663457538416,-2.040697705645084
0.6,0.2,0.7,0.5,0.5,1560.999759274493,39.509489483850494,36.12761647767264,-2.0295520963569325
0.6,0.2,0.7,0.5,0.7,1555.2696993194875,39.43690783161742,36.050569497806876,-2.018431329011647
0.6,0.2,0.7,0.7,0.1,768.8351071470365,27.727875994151383,23.9784688294101,-0.49213732851097136
0.6,0.2,0.7,0.7,0.3,765.2370310846485,27.6629179784897,23.913691958169107,-0.4851542660134307
0.6,0.2,0.7,0.7,0.5,761.6517550222603,27.598038970591013,23.84899397159193,-0.47819604545875594
0.6,0.2,0.7,0.7,0.7,758.0792789598722,27.53323952897429,23.78432836840108,-0.4712626668469466
0.6,0.2,0.7,0.9,0.1,375.624955243797,19.381046288675876,15.426245517411346,0.27099580647486987
0.6,0.2,0.7,0.9,0.3,374.1844630740263,19.343848197140773,15.39283113916365,0.2737914802389342
0.6,0.2,0.7,0.9,0.5,372.7567709042557,19.306909926351643,15.359811004935462,0.2765623120601328
0.6,0.2,0.7,0.9,0.7,371.34187873448496,19.270232970425784,15.326790870707274,0.2793083019384657
0.6,0.4,0.1,0.3,0.1,2813.092006056948,53.03858978194035,49.817043467799714,-4.459583663328508
0.6,0.4,0.1,0.3,0.3,2805.1360765235186,52.9635353476665,49.73811729330306,-4.44414297997589
0.6,0.4,0.1,0.3,0.5,2797.192946990089,52.888495412424895,49.65919111880642,-4.428727138566138
0.6,0.4,0.1,0.3,0.7,2789.262617456659,52.81347003801832,49.58026494430978,-4.413336139099251
0.6,0.4,0.1,0.5,0.1,1591.7783716350566,39.89709728332447,36.53875060887762,-2.0892865127435436
0.6,0.4,0.1,0.5,0.3,1585.9800259942444,39.82436472806872,36.46143517263601,-2.0780332181244026
0.6,0.4,0.1,0.5,0.5,1580.194480353432,39.75166009556622,36.384119736394396,-2.066804765448126
0.6,0.4,0.1,0.5,0.7,1574.42173471262,39.6789835393073,36.306813348773595,-2.055601154714717
0.6,0.4,0.1,0.7,0.1,780.9177573473934,27.944905749481308,24.194490154297164,-0.5155870555378681
0.6,0.4,0.1,0.7,0.3,777.2769955991987,27.87968786767884,24.129014021319815,-0.5085211496522031
0.6,0.4,0.1,0.7,0.5,773.6490338510038,27.8145471624293,24.063870816459165,-0.5014800857094033
0.6,0.4,0.1,0.7,0.7,770.033872102809,27.749484177238486,23.99897354096773,-0.4944638637094698
0.6,0.4,0.1,0.9,0.1,380.510163193958,19.50666971048513,15.541813813334251,0.2615147082885201
0.6,0.4,0.1,0.9,0.3,379.02698533838077,19.468615393457767,15.50766935390694,0.26439322544070887
0.6,0.4,0.1,0.9,0.5,377.55660748280343,19.430815924268426,15.473843850551233,0.2672469006500321
0.6,0.4,0.1,0.9,0.7,376.0990296272262,19.39327279309055,15.440264011900489,0.2700757339164894
0.6,0.4,0.3,0.3,0.1,2797.6308412137428,52.89263503753375,49.66359241193468,-4.429576993510299
0.6,0.4,0.3,0.3,0.3,2789.6998069089145,52.817608871558306,49.584666237438036,-4.414184626239442
0.6,0.4,0.3,0.3,0.5,2781.781572604087,52.742597325161064,49.505740062941385,-4.398817100911454
0.6,0.4,0.3,0.3,0.7,2773.8761382992598,52.66760046080759,49.42681388844475,-4.383474417526331
0.6,0.4,0.3,0.5,0.1,1580.5143407857638,39.7556831256333,36.388604208339856,-2.0674255431500796
0.6,0.4,0.3,0.5,0.3,1574.7408903735538,39.68300505724779,36.311288772098244,-2.056220564612701
0.6,0.4,0.3,0.5,0.5,1568.9802399613436,39.610355211249285,36.23423989509565,-2.045040428018188
0.6,0.4,0.3,0.5,0.7,1563.2323895491336,39.53773374321211,36.157192915229885,-2.0338851333665415
0.6,0.4,0.3,0.7,0.1,773.8508604920135,27.818175002900773,24.067886708919325,-0.5018717861691497
0.6,0.4,0.3,0.7,0.3,770.234993972421,27.753107825474626,24.002920265966303,-0.4948541963652475
0.6,0.4,0.3,0.7,0.5,766.6319274528283,27.688118886136493,23.93819735341293,-0.487861448504211
0.6,0.4,0.3,0.7,0.7,763.041660933236,27.623208737097073,23.873499366835752,-0.48089354258604056
0.6,0.4,0.3,0.9,0.1,377.6404003324913,19.432971989186093,15.474742358285491,0.26708427743249263
0.6,0.4,0.3,0.9,0.3,376.18211770551625,19.39541486293903,15.44118402156742,0.2699144785029185
0.6,0.4,0.3,0.9,0.5,374.7366350785411,19.358115483655457,15.407626974587554,0.2727198376304788
0.6,0.4,0.3,0.9,0.7,373.30395245156603,19.321075344078704,15.374418364423567,0.2755003548151731
0.6,0.4,0.5,0.3,0.1,2782.2186264404736,52.746740434272084,49.51014135606964,-4.399665324851515
0.6,0.4,0.5,0.3,0.3,2774.312487364248,52.671742778877636,49.431215181572995,-4.384321273662422
0.6,0.4,0.5,0.3,0.5,2766.4191482880233,52.596759864919655,49.35228900707636,-4.369002064416198
0.6,0.4,0.5,0.3,0.7,2758.538609211798,52.521791755535126,49.27336283257971,-4.353707697112837
0.6,0.4,0.5,0.5,0.1,1569.2992600064085,39.61438198440572,36.23871342128348,-2.0456595747160424
0.6,0.4,0.5,0.5,0.3,1563.5507048228005,39.541759000110254,36.1616664414177,-2.034502912260427
0.6,0.4,0.5,0.5,0.5,1557.8149496391927,39.469164541945815,36.08461946155194,-2.023371091747677
0.6,0.4,0.5,0.5,0.7,1552.091994455585,39.396598767604104,36.00757248168617,-2.0122641131777934
0.6,0.4,0.5,0.7,0.1,766.8329137065712,27.69174811575772,23.942119152435318,-0.4882515179598581
0.6,0.4,0.5,0.7,0.3,763.241942415581,27.626833738515547,23.877421165858138,-0.48128224423771915
0.6,0.4,0.5,0.7,0.5,759.6637711245904,27.56199867797309,23.812723179280955,-0.4743378124584454
0.6,0.4,0.5,0.7,0.7,756.0983998336003,27.497243495186936,23.748243942077817,-0.467418222622038
0.6,0.4,0.5,0.9,0.1,374.81958754096206,19.36025794097181,15.408546984254482,0.27255884541703834
0.6,0.4,0.5,0.9,0.3,373.38620014258925,19.32320367181874,15.375369718236563,0.2753407304057013
0.6,0.4,0.5,0.9,0.5,371.9656127442163,19.286410053304795,15.342349584008376,0.27809777345149855
0.6,0.4,0.5,0.9,0.7,370.55782534584347,19.24987858002859,15.309477920940541,0.2808299745544298
0.6,0.4,0.7,0.3,0.1,2766.855361737143,52.60090647258033,49.35669030020461,-4.369848657352159
0.6,0.4,0.7,0.3,0.3,2758.974117889519,52.525937572684214,49.27776412570797,-4.354552922244829
0.6,0.4,0.7,0.3,0.5,2751.1056740418967,52.450983537412306,49.198837951211324,-4.339282029080367
0.6,0.4,0.7,0.3,0.7,2743.2500301942737,52.37604443058175,49.11991177671468,-4.324035977858769
0.6,0.4,0.7,0.5,0.1,1558.1331292969903,39.4731950733278,36.08909298773976,-2.0239886074414315
0.6,0.4,0.7,0.5,0.3,1552.409469341985,39.400627778526385,36.01204600787399,-2.0128802610675796
0.6,0.4,0.7,0.5,0.5,1546.6986093869793,39.32808931777616,35.934999028008214,-2.0017967566365926
0.6,0.4,0.7,0.5,0.7,1541.000549431974,39.25557985092023,35.85795204814245,-1.990738094148472
0.6,0.4,0.7,0.7,0.1,759.8639169910663,27.565629268911426,23.816644978303337,-0.4747262509099932
0.6,0.4,0.7,0.7,0.3,756.2978409286783,27.50086982131071,23.75211360330041,-0.46780529326961706
0.6,0.4,0.7,0.7,0.5,752.7445648662901,27.436190786373572,23.687684073099067,-0.4609091775721068
0.6,0.4,0.7,0.7,0.7,749.2040888039021,27.37159273414505,23.623254542897726,-0.454037903817462
0.6,0.4,0.7,0.9,0.1,372.04772481937033,19.28853869061548,15.343300937821368,0.27793841224215743
0.6,0.4,0.7,0.9,0.3,370.6392326495997,19.251992952668555,15.310361129934373,0.28067198114905734
0.6,0.4,0.7,0.9,0.5,369.24354047982905,19.215710772173612,15.277688210454773,0.28338070811309146
0.6,0.4,0.7,0.9,0.7,367.86064831005837,19.179693644843713,15.245204988978266,0.2860645931342599
0.6,0.6,0.1,0.3,0.1,2793.226182223374,52.850980901241314,49.6197280315581,-4.421028533589837
0.6,0.6,0.1,0.3,0.3,2785.3022526899435,52.775962830534354,49.54080185706145,-4.405649955094383
0.6,0.6,0.1,0.3,0.5,2777.391123156515,52.700959414004174,49.4618756825648,-4.390296218541796
0.6,0.6,0.1,0.3,0.7,2769.492793623085,52.62597071430688,49.38294950806816,-4.374967323932075
0.6,0.6,0.1,0.5,0.1,1577.306507533026,39.71531829827159,36.345462018273594,-2.0611998548385633
0.6,0.6,0.1,0.5,0.3,1571.540161892214,39.64265583802647,36.26828985884071,-2.0500086650765863
0.6,0.6,0.1,0.5,0.5,1565.7866162514013,39.57002168626398,36.19124287897494,-2.038842317257475
0.6,0.6,0.1,0.5,0.7,1560.0458706105894,39.4974159991586,36.11419589910916,-2.0277008113812296
0.6,0.6,0.1,0.7,0.1,771.8398529769064,27.78200592068374,24.031387594982657,-0.49796886946657826
0.6,0.6,0.1,0.7,0.3,768.2310912287116,27.71698200072857,23.966624547679142,-0.4909650684380775
0.6,0.6,0.1,0.7,0.5,764.6351294805169,27.652036624460717,23.90192656110196,-0.48398610935244246
0.6,0.6,0.1,0.7,0.7,761.0519677323222,27.587170346599923,23.837228574524776,-0.4770319922096733
0.6,0.6,0.1,0.9,0.1,376.8262185550148,19.412012223234736,15.457042535390423,0.268664422526119
0.6,0.6,0.1,0.9,0.3,375.3750406994376,19.37459782032746,15.423485488410556,0.2714808348211434
0.6,0.6,0.1,0.9,0.5,373.93666284386023,19.33744199329012,15.390010387040892,0.2742724051733022
0.6,0.6,0.1,0.9,0.7,372.5110849882829,19.30054623548989,15.356956943496485,0.27703913358259513
0.6,0.6,0.3,0.3,0.1,2777.8272554516734,52.70509705381134,49.46627697569306,-4.3911426539760345
0.6,0.6,0.3,0.3,0.3,2769.9282211468458,52.63010755401176,49.38735080119642,-4.375812391562343
0.6,0.6,0.3,0.3,0.5,2762.0419868420186,52.55513283060008,49.308424626699775,-4.360506971091519
0.6,0.6,0.3,0.3,0.7,2754.168552537191,52.48017294690625,49.229498452203124,-4.345226392563561
0.6,0.6,0.3,0.5,0.1,1566.1047147552385,39.57404092021989,36.19571640516276,-2.039459675449507
0.6,0.6,0.3,0.5,0.3,1560.3632643430285,39.501433699842195,36.118669425297,-2.0283168017692925
0.6,0.6,0.3,0.5,0.5,1554.6346139308184,39.4288550928228,36.041622445431216,-2.017198770031944
0.6,0.6,0.3,0.5,0.7,1548.9187635186086,39.356305257462985,35.964575465565446,-2.0061055802374614
0.6,0.6,0.3,0.7,0.1,764.8351941930321,27.65565392813976,23.90584836012434,-0.48437439030226725
0.6,0.6,0.3,0.7,0.3,761.2513276734395,27.59078338274286,23.84115037354716,-0.47741890535552955
0.6,0.6,0.3,0.7,0.5,757.6802611538469,27.525992464466142,23.776589045955884,-0.4704882623516575
0.6,0.6,0.3,0.7,0.7,754.1219946342544,27.461281736915602,23.712159515754546,-0.4635824612906514
0.6,0.6,0.3,0.9,0.1,374.01869376505357,19.339562915563878,15.390928431537665,0.2741132014656841
0.6,0.6,0.3,0.9,0.3,372.59241113807855,19.30265295595604,15.357908297309473,0.27688129767894554
0.6,0.6,0.3,0.9,0.5,371.17892851110344,19.266004477086145,15.32497055087288,0.2796245519493413
0.6,0.6,0.3,0.9,0.7,369.77824588412835,19.229618973971593,15.292218873020532,0.28234296427687133
0.6,0.6,0.5,0.3,0.1,2762.477278749911,52.55927395569607,49.31282591982803,-4.361351775521659
0.6,0.6,0.5,0.3,0.3,2754.6031396736853,52.484313272383446,49.233899745331385,-4.346069829189731
0.6,0.6,0.5,0.3,0.5,2746.74180059746,52.40936748900391,49.15497357083474,-4.330812724800669
0.6,0.6,0.5,0.3,0.7,2738.8932615212343,52.33443666957001,49.076047396338105,-4.315580462354474
0.6,0.6,0.5,0.5,0.1,1554.9518720473889,39.43287805939846,36.04609597161905,-2.0178144972198773
0.6,0.6,0.5,0.5,0.3,1549.235316863781,39.360326686446356,35.969048991753276,-2.006719939621426
0.6,0.6,0.5,0.5,0.5,1543.531561680173,39.287804235922536,35.8920020118875,-1.99565022396584
0.6,0.6,0.5,0.5,0.7,1537.8406064965654,39.21531086828926,35.81495503202173,-1.984605350253121
0.6,0.6,0.5,0.7,0.1,757.8794854790953,27.529611066615075,23.780458707178482,-0.4708749122973832
0.6,0.6,0.5,0.7,0.3,754.320514188105,27.464896034540253,23.71602917697714,-0.46396774343240854
0.6,0.6,0.5,0.7,0.5,750.7743428971146,27.40026173044912,23.6515996467758,-0.45708541651029955
0.6,0.6,0.5,0.7,0.7,747.2409716061244,27.33570872697696,23.587170116574455,-0.45022793153105645
0.6,0.6,0.5,0.9,0.1,371.2601190450299,19.268111455070784,15.325853759866714,0.2794669792458223
0.6,0.6,0.5,0.9,0.3,369.858731646657,19.231711615107404,15.293102082014366,0.28218675937732096
0.6,0.6,0.5,0.9,0.5,368.47014424828416,19.195576163488404,15.260576146083617,0.2848816975659536
0.6,0.6,0.5,0.9,0.7,367.0943568499113,19.159706596133233,15.228092924607106,0.2875517938117206
0.6,0.6,0.7,0.3,0.1,2747.1762521180854,52.413512113939525,49.159374863963,-4.33165589822671
0.6,0.6,0.7,0.3,0.3,2739.3270082704616,52.3385804953713,49.08044868946635,-4.316422267976545
0.6,0.6,0.7,0.3,0.5,2731.490564422839,52.26366390163283,49.00152251496971,-4.301213479669247
0.6,0.6,0.7,0.3,0.7,2723.666920575216,52.188762397428206,48.92259634047307,-4.286029533304815
0.6,0.6,0.7,0.5,0.1,1543.8479794094765,39.2918309500776,35.896475538075336,-1.996264320149674
0.6,0.6,0.7,0.5,0.3,1538.156319454471,39.21933604045932,35.81942855820956,-1.985218078632986
0.6,0.6,0.7,0.5,0.5,1532.477459499465,39.14687036660102,35.74238157834378,-1.9741966790591632
0.6,0.6,0.7,0.5,0.7,1526.8113995444596,39.074434091160676,35.66542928684034,-1.9632001214282067
0.6,0.6,0.7,0.7,0.1,750.972726835096,27.403881601610674,23.655469307998395,-0.4574704354519259
0.6,0.6,0.7,0.7,0.3,747.438650772708,27.339324255963387,23.591039777797057,-0.4506115826687145
0.6,0.6,0.7,0.7,0.5,743.9173747103198,27.274848756873425,23.526610505053426,-0.4437775718283681
0.6,0.6,0.7,0.7,0.7,740.4088986479318,27.21045568614998,23.462519596721062,-0.43696840293088823
0.6,0.6,0.7,0.9,0.1,368.5504943949437,19.197668983367322,15.261446599716521,0.2847257558665338
0.6,0.6,0.7,0.9,0.3,367.1740022251731,19.16178494361037,15.22896337824001,0.2873972199162693
0.6,0.6,0.7,0.9,0.5,365.81031005540245,19.12616820106428,15.196480156763501,0.29004384202313904
0.6,0.6,0.7,0.9,0.7,364.45941788563175,19.09082025177629,15.16408739712609,0.2926656221871432
0.6,0.8,0.1,0.3,0.1,2773.4403583897997,52.66346322062194,49.42241259531649,-4.382628665994077
0.6,0.8,0.1,0.3,0.3,2765.54842885637,52.58848190294496,49.343486420819836,-4.367312192355788
0.6,0.8,0.1,0.3,0.5,2757.669299322941,52.513515396733254,49.2645602463232,-4.352020560660366
0.6,0.8,0.1,0.3,0.7,2749.802969789511,52.4385637655105,49.18563407182655,-4.336753770907808
0.6,0.8,0.1,0.5,0.1,1562.9146434309957,39.53371527482581,36.15271938904206,-2.0332684590764942
0.6,0.8,0.1,0.5,0.3,1557.1802977901834,39.461123878954375,36.07567240917629,-2.0221393741716818
0.6,0.8,0.1,0.5,0.5,1551.458752149371,39.38856118404645,35.998625429310515,-2.0110351312097348
0.6,0.8,0.1,0.5,0.7,1545.7500065085592,39.31602734901581,35.92157844944474,-1.999955730190654
0.6,0.8,0.1,0.7,0.1,762.8419486064195,27.61959356338213,23.86957756781337,-0.4805059455381997
0.6,0.8,0.1,0.7,0.3,759.2651868582249,27.554767044165423,23.804934149833965,-0.4735642493668635
0.6,0.8,0.1,0.7,0.5,755.70122511003,27.490020463979832,23.740504619632617,-0.46664739513839293
0.6,0.8,0.1,0.7,0.7,752.1500633618352,27.42535438899259,23.67607508943128,-0.45975538285278805
0.6,0.8,0.1,0.9,0.1,373.22227391607163,19.318961512360637,15.373467010610575,0.27565887462080674
0.6,0.8,0.1,0.9,0.3,371.80309606049434,19.282196349495415,15.340463180805221,0.27841318205866683
0.6,0.8,0.1,0.9,0.5,370.39671820491697,19.245693497635177,15.307711502952873,0.28114264755366125
0.6,0.8,0.1,0.9,0.7,369.00314034933973,19.209454452152976,15.275076849556056,0.2838472711057898
0.6,0.8,0.3,0.3,0.1,2758.103669689605,52.517651029816676,49.26896153945145,-4.352863576584682
0.6,0.8,0.3,0.3,0.3,2750.2366353847774,52.44269858983972,49.19003536495481,-4.337595419028156
0.6,0.8,0.3,0.3,0.5,2742.38240107995,52.367761085232104,49.111109190458166,-4.322352103414495
0.6,0.8,0.3,0.3,0.7,2734.5409667751223,52.29283858020257,49.03218301596152,-4.307133629743701
0.6,0.8,0.3,0.5,0.1,1551.775088724714,39.39257656874851,36.00309895549833,-2.0116490698918454
0.6,0.8,0.3,0.5,0.3,1546.0656383125038,39.32004117892686,35.92605197563257,-2.0005683010687956
0.6,0.8,0.3,0.5,0.5,1540.3689879002936,39.24753480029406,35.84900499576679,-1.9895123741886116
0.6,0.8,0.3,0.5,0.7,1534.6851374880835,39.175057593934476,35.77195801590103,-1.978481289251293
0.6,0.8,0.3,0.7,0.1,755.8995278940508,27.493627041444547,23.744374280855215,-0.4670322565782965
0.6,0.8,0.3,0.7,0.3,752.3476613744583,27.428956622052876,23.679944750653874,-0.4601388764887231
0.6,0.8,0.3,0.7,0.5,748.8085948548656,27.364367247478345,23.615515220452533,-0.45327033834201536
0.6,0.8,0.3,0.7,0.7,745.2823283352732,27.299859492958443,23.551085690251192,-0.44642664213817373
0.6,0.8,0.3,0.9,0.1,370.47698719761587,19.24777876009634,15.308594711946707,0.28098686335596457
0.6,0.8,0.3,0.9,0.3,369.08270457064083,19.2115253056763,15.27594730318896,0.2836928547120615
0.6,0.8,0.3,0.9,0.5,367.7012219436657,19.17553707054031,15.24346408171245,0.286374004125293
0.6,0.8,0.3,0.9,0.7,366.33253931669066,19.13981555074893,15.210980860235942,0.2890303115956585
0.6,0.8,0.5,0.3,0.1,2742.8159310593473,52.37190020477916,49.11551048358643,-4.323193488334714
0.6,0.8,0.5,0.3,0.3,2734.973791983122,52.296976891433424,49.036584309089776,-4.30797364685995
0.6,0.8,0.5,0.3,0.5,2727.1444529068967,52.22206863871726,48.95765813459313,-4.292778647328054
0.6,0.8,0.5,0.3,0.7,2719.3279138306716,52.147175511533426,48.87873196009649,-4.2776084897390225
0.6,0.8,0.5,0.5,0.1,1540.6844840883696,39.251553906671894,35.85347852195462,-1.990124681866623
0.6,0.8,0.5,0.5,0.3,1534.9999289047616,39.179075141008134,35.776431542088844,-1.9790922291253366
0.6,0.8,0.5,0.5,0.5,1529.3281737211537,39.106625701038865,35.69938456222308,-1.9680846183269152
0.6,0.8,0.5,0.5,0.7,1523.6692185375462,39.034205750053964,35.622661835588055,-1.9571018494713606
0.6,0.8,0.5,0.7,0.1,749.0060572516195,27.367975030162892,23.61938488167513,-0.4536535687778198
0.6,0.8,0.5,0.7,0.3,745.4790859606294,27.30346289320513,23.554955351473787,-0.44680850477000966
0.6,0.8,0.5,0.7,0.5,741.9649146696388,27.23903292464031,23.490611745795583,-0.43998828270506474
0.6,0.8,0.5,0.7,0.7,738.4635433786485,27.174685708921245,23.42665151866967,-0.43319290258298615
0.6,0.8,0.5,0.9,0.1,367.78065054909774,19.177608050773635,15.244334535345358,0.28621985093169533
0.6,0.8,0.5,0.9,0.3,366.41126315072484,19.14187198658284,15.211851313868848,0.28887752620602947
0.6,0.8,0.5,0.9,0.5,365.05467575235195,19.106404050798044,15.179368092392338,0.2915103595374977
0.6,0.8,0.5,0.9,0.7,363.71088835397916,19.07120573938573,15.147204097836271,0.29411835092610017
0.6,0.8,0.7,0.3,0.1,2727.577142499028,52.226211259280795,48.96205942772139,-4.293618401244173
0.6,0.8,0.7,0.3,0.3,2719.7598986514045,52.151317324219185,48.88313325322475,-4.278446875851173
0.6,0.8,0.7,0.3,0.5,2711.9554548037813,52.07643857642131,48.804207078728105,-4.263300192401038
0.6,0.8,0.7,0.3,0.7,2704.1638109561586,52.001575081493044,48.725280904231454,-4.24817835089377
0.6,0.8,0.7,0.5,0.1,1529.6428295219628,39.11064854386798,35.703858088410904,-1.9686952950008276
0.6,0.8,0.7,0.5,0.3,1523.9831695669575,39.0382270289899,35.6271742532833,-1.9577111583413047
0.6,0.8,0.7,0.5,0.5,1518.3363096119515,38.96583515866113,35.5506641861692,-1.946751863624646
0.6,0.8,0.7,0.5,0.7,1512.7022496569462,38.89347309841262,35.47415411905511,-1.935817410850854
0.6,0.8,0.7,0.7,0.1,742.1615366791258,27.24264188141682,23.494529968140675,-0.44036988213676986
0.6,0.8,0.7,0.7,0.3,738.6594606167378,27.178290244545146,23.430573287996236,-0.43357313421072297
0.6,0.8,0.7,0.7,0.5,735.1701845543496,27.114021917715373,23.366936426858338,-0.4268012282275411
0.6,0.8,0.7,0.7,0.7,731.6937084919615,27.04983749474221,23.303312265784513,-0.4200541641872253
0.6,0.8,0.7,0.9,0.1,365.13326397051713,19.108460533766635,15.180238546025246,0.29135783734799925
0.6,0.8,0.7,0.9,0.3,363.7887718007465,19.073247542061274,15.14808804888323,0.29396719654057035
0.6,0.8,0.7,0.9,0.5,362.4570796309758,19.038305587183324,15.116336345805168,0.2965517137902758
0.6,0.8,0.7,0.9,0.7,361.1381874612051,19.003636164197765,15.08511449181641,0.2991113890971153
0.8,0.2,0.1,0.3,0.1,2827.608818579158,53.17526510116483,49.959694474511124,-4.487757556083957
0.8,0.2,0.1,0.3,0.3,2819.629807166534,53.100186507831914,49.88076830001447,-4.472272075956012
0.8,0.2,0.1,0.3,0.5,2811.6635957539092,53.02512230776945,49.80184212551782,-4.456811437770933
0.8,0.2,0.1,0.3,0.7,2803.7101843412847,52.95007256219093,49.722915951021186,-4.441375641528719
0.8,0.2,0.1,0.5,0.1,1602.3765599961926,40.02969597681442,36.67910858681968,-2.1098552306926024
0.8,0.2,0.1,0.5,0.3,1596.555132476186,39.956915953013514,36.60152469420223,-2.098557139298134
0.8,0.2,0.1,0.5,0.5,1590.7465049561786,39.88416358601718,36.52415329344137,-2.08728388984653
0.8,0.2,0.1,0.5,0.7,1584.9506774361719,39.81143902744753,36.44683785719976,-2.0760354823377933
0.8,0.2,0.1,0.7,0.1,787.5973215474555,28.06416436574329,24.315381915057362,-0.5285505986805359
0.8,0.2,0.1,0.7,0.3,783.9334779200661,27.998812080516313,24.249610102976828,-0.5214398960195437
0.8,0.2,0.1,0.7,0.5,780.2824342926766,27.933536014845608,24.183886127451526,-0.5143540353014169
0.8,0.2,0.1,0.7,0.7,776.6441906652873,27.868336704318885,24.11854422266209,-0.5072930165261562
0.8,0.2,0.1,0.9,0.1,383.27110323294653,19.577310929567076,15.60709521283801,0.2561563399522424
0.8,0.2,0.1,0.9,0.3,381.76484349817457,19.538803532923264,15.57238428313291,0.2590796538797585
0.8,0.2,0.1,0.9,0.5,380.2713837634027,19.500548293917344,15.538021867025526,0.26197812586440883
0.8,0.2,0.1,0.9,0.7,378.79072402863073,19.462546699459214,15.503944521692178,0.26485175590619325
0.8,0.2,0.3,0.3,0.1,2812.1026811181505,53.02926249834284,49.806243418646076,-4.457663604453095
0.8,0.2,0.3,0.3,0.3,2804.148564934128,52.95421196594401,49.72731724414944,-4.4422264404069125
0.8,0.2,0.3,0.3,0.5,2796.207248750106,52.87917594620879,49.648391069652796,-4.4268141183035965
0.8,0.2,0.3,0.3,0.7,2788.278732566084,52.80415450100573,49.56946489515615,-4.411426638143146
0.8,0.2,0.3,0.5,0.1,1591.0675565290976,39.88818818308369,36.52863776538683,-2.0879069792864846
0.8,0.2,0.3,0.5,0.3,1585.2710242376932,39.815462125130395,36.45132232914522,-2.0766572039737796
0.8,0.2,0.3,0.5,0.5,1579.4872919462885,39.742764019960774,36.3740068929036,-2.065432270603939
0.8,0.2,0.3,0.5,0.7,1573.7163596548837,39.67009402125087,36.296823787713095,-2.054232179176965
0.8,0.2,0.3,0.7,0.1,780.4854520742738,27.937169721972083,24.18788670749178,-0.5147480474991646
0.8,0.2,0.3,0.7,0.3,776.8465036754867,27.87196626855534,24.12253387343538,-0.5076856609199354
0.8,0.2,0.3,0.7,0.5,773.2203552766994,27.8068400807553,24.05745046730858,-0.5006481162835716
0.8,0.2,0.3,0.7,0.7,769.6070068779122,27.741791702734563,23.99259332656729,-0.4936354135900738
0.8,0.2,0.3,0.9,0.1,380.356367753678,19.50272718759297,15.538860115130744,0.2618131909088678
0.8,0.2,0.3,0.9,0.3,378.87500324750823,19.464711743242134,15.504843029426432,0.26468818875462097
0.8,0.2,0.3,0.9,0.5,377.4064387413385,19.42695134964152,15.4710497933795,0.26753834465750836
0.8,0.2,0.3,0.9,0.7,375.95067423516883,19.38944749690328,15.437492746399633,0.27036365861752976
0.8,0.2,0.5,0.3,0.1,2796.64549372708,52.88331961712578,49.65279236278106,-4.427664653981658
0.8,0.2,0.5,0.3,0.3,2788.71627277166,52.808297385653894,49.573866188284406,-4.41227580601724
0.8,0.2,0.5,0.3,0.5,2780.7998518162403,52.733289787535924,49.49494001378777,-4.396911799995687
0.8,0.2,0.5,0.3,0.7,2772.89623086082,52.65829688530403,49.41601383929112,-4.381572635916999
0.8,0.2,0.5,0.5,0.1,1579.8075031319406,39.74679236280509,36.37849136484906,-2.066053729039795
0.8,0.2,0.5,0.5,0.3,1574.0358660691384,39.67412086069631,36.301297313900925,-2.0548522698088525
0.8,0.2,0.5,0.5,0.5,1568.2770290063356,39.60147761140152,36.224250334035155,-2.043675652520775
0.8,0.2,0.5,0.5,0.7,1562.530991943533,39.52886277068357,36.14720335416938,-2.032523877175564
0.8,0.2,0.5,0.7,0.1,773.4225326710297,27.810475232743322,24.061466359768733,-0.50104049747722
0.8,0.2,0.5,0.7,0.3,769.8084795008448,27.745422676557745,23.996515125589678,-0.4940264269797541
0.8,0.2,0.5,0.7,0.5,766.2072263306596,27.68044844887199,23.931817139012495,-0.48703719842515314
0.8,0.2,0.5,0.7,0.7,762.6187731604748,27.615553102562963,23.867119152435315,-0.4800728118134183
0.8,0.2,0.5,0.9,0.1,377.4905823443469,19.429116869902938,15.471969803046429,0.26737504070606666
0.8,0.2,0.5,0.9,0.3,376.0341130667794,19.39159903326127,15.438412756066564,0.2702017224700567
0.8,0.2,0.5,0.9,0.5,374.5904437892118,19.35433914627962,15.404855709086698,0.27300356229118106
0.8,0.2,0.5,0.9,0.7,373.1595745116444,19.317338701582173,15.371745557162736,0.2757805601694395
0.8,0.2,0.7,0.3,0.1,2781.237256405947,52.737436953325165,49.49934130691602,-4.397760704669649
0.8,0.2,0.7,0.3,0.3,2773.3329306791297,52.662443265377746,49.42041513241938,-4.382420172786993
0.8,0.2,0.7,0.3,0.5,2765.441404952312,52.58746433278859,49.341488957922735,-4.367104482847203
0.8,0.2,0.7,0.3,0.7,2757.5626792254943,52.51250021876214,49.262562783426084,-4.351813634850279
0.8,0.2,0.7,0.5,0.1,1568.5963998047207,39.605509715249475,36.22872386022298,-2.0442954799525315
0.8,0.2,0.7,0.5,0.3,1562.8496579705206,39.53289336704968,36.15167688035721,-2.0331423368033517
0.8,0.2,0.7,0.5,0.5,1557.1157161363205,39.46030557581024,36.07462990049143,-2.022014035597038
0.8,0.2,0.7,0.5,0.7,1551.3945743021202,39.387746499414256,35.99758292062566,-2.0109105763335897
0.8,0.2,0.7,0.7,0.1,766.408563337723,27.684085018972958,23.935738938034877,-0.4874279486147024
0.8,0.2,0.7,0.7,0.3,762.8194053961403,27.61918545859273,23.8710409514577,-0.48046219419899905
0.8,0.2,0.7,0.7,0.5,759.2430474545575,27.554365306690656,23.806375348266847,-0.4735212817261616
0.8,0.2,0.7,0.7,0.7,755.6794895129748,27.489625124998973,23.74194581806551,-0.4666052111961898
0.8,0.2,0.7,0.9,0.1,374.6737470049533,19.35649108193304,15.40577571875363,0.2728418893438386
0.8,0.2,0.7,0.9,0.3,373.2421729559881,19.319476518684148,15.372696910975735,0.27562025502606546
0.8,0.2,0.7,0.9,0.5,371.82339890702275,19.28272280843716,15.339676776747543,0.2783737787654269
0.8,0.2,0.7,0.9,0.7,370.4174248580575,19.246231445611826,15.306770525907531,0.28110246056192245
0.8,0.4,0.1,0.3,0.1,2807.685290047598,52.98759562433077,49.7623790382695,-4.449090434406969
0.8,0.4,0.1,0.3,0.3,2799.7382786349726,52.912553129054096,49.683452863772864,-4.433667059136187
0.8,0.4,0.1,0.3,0.5,2791.804067222349,52.83752518071176,49.60452668927622,-4.418268525808274
0.8,0.4,0.1,0.3,0.7,2783.8826558097244,52.76251184136066,49.52560051477957,-4.402894834423225
0.8,0.4,0.1,0.5,0.1,1587.8469911961756,39.847797821161656,36.48549557532057,-2.081656580849304
0.8,0.4,0.1,0.5,0.3,1582.057563676169,39.77508722399197,36.40818013907896,-2.0704205943120004
0.8,0.4,0.1,0.5,0.5,1576.280936156162,39.7024046646568,36.330873751458164,-2.0592094497175615
0.8,0.4,0.1,0.5,0.7,1570.517108636155,39.62975029742371,36.253826771592394,-2.048023147065989
0.8,0.4,0.1,0.7,0.1,778.4617124789822,27.900926731543922,24.151161672326527,-0.5108204206709288
0.8,0.4,0.1,0.7,0.3,774.8298688515929,27.835766000805382,24.085926772997666,-0.5037718228671009
0.8,0.4,0.1,0.7,0.5,771.2108252242033,27.77068283683718,24.021020520833503,-0.4967480670061384
0.8,0.4,0.1,0.7,0.7,767.6045815968139,27.70567778627359,23.95632253425632,-0.489749153088042
0.8,0.4,0.1,0.9,0.1,379.5294538960167,19.481515698117967,15.520900606468054,0.2634180461281592
0.8,0.4,0.1,0.9,0.3,378.05519416124486,19.443641484075066,15.487031770014323,0.2662792551985108
0.8,0.4,0.1,0.9,0.5,376.59373442647285,19.406023148148435,15.453351260222636,0.26911562232599684
0.8,0.4,0.1,0.9,0.7,375.1450746917009,19.36866218125818,15.41979421324277,0.27192714751061686
0.8,0.4,0.3,0.3,0.1,2792.2413906580955,52.8416633979107,49.608927982404474,-4.419117272980514
0.8,0.4,0.3,0.3,0.3,2784.3192744740727,52.76664926328061,49.53000180790783,-4.403742213791495
0.8,0.4,0.3,0.3,0.5,2776.4099582900512,52.69164979662386,49.451075633411186,-4.388391996545344
0.8,0.4,0.3,0.3,0.7,2768.5134421060284,52.61666506066332,49.37214945891454,-4.3730666212420575
0.8,0.4,0.3,0.5,0.1,1576.6002258005867,39.70642549765197,36.335349174782806,-2.059829119647595
0.8,0.4,0.3,0.5,0.3,1570.8356935091817,39.633769610134,36.258300297780224,-2.0486414491920537
0.8,0.4,0.3,0.5,0.5,1565.0839612177772,39.56114206159596,36.18125331791444,-2.0374786206793782
0.8,0.4,0.3,0.5,0.7,1559.3450289263724,39.488543008401464,36.10420633804867,-2.0263406341095687
0.8,0.4,0.3,0.7,0.1,771.412081077306,27.774306131338474,24.02496724583207,-0.49713865969396487
0.8,0.4,0.3,0.7,0.3,767.8051326785188,27.70929686366146,23.960244333278702,-0.49013837797189974
0.8,0.4,0.3,0.7,0.5,764.2109842797316,27.644366230386467,23.895546346701526,-0.48316293819270073
0.8,0.4,0.3,0.7,0.7,760.6296358809445,27.57951478690197,23.83085079092233,-0.4762123403563674
0.8,0.4,0.3,0.9,0.1,376.67695648825367,19.40816726247622,15.454271269889567,0.26895410688037724
0.8,0.4,0.3,0.9,0.3,375.22759198208394,19.370792239402185,15.4207142229097,0.2717669998689659
0.8,0.4,0.3,0.9,0.5,373.79102747591423,19.333675994903665,15.387304270463837,0.2745550509146888
0.8,0.4,0.3,0.9,0.7,372.3672629697445,19.296820022214657,15.354284136235648,0.2773182600175459
0.8,0.4,0.5,0.3,0.1,2776.8464413385304,52.69579149551253,49.45547692653944,-4.389239112713485
0.8,0.4,0.5,0.3,0.3,2768.9492203831105,52.6208059647808,49.3765507520428,-4.37391236960623
0.8,0.4,0.5,0.3,0.5,2761.064799427691,52.54583522437997,49.29762457754616,-4.358610468441842
0.8,0.4,0.5,0.3,0.7,2753.193178472271,52.47087933770761,49.21869840304951,-4.343333409220318
0.8,0.4,0.5,0.5,0.1,1565.4024104749349,39.56516663019296,36.18572684410227,-2.038096659605312
0.8,0.4,0.5,0.5,0.3,1559.6627734121323,39.49256605251338,36.10867986423649,-2.026957305231534
0.8,0.4,0.5,0.5,0.5,1553.9359363493297,39.41999411909304,36.03163288437072,-2.015842792800621
0.8,0.4,0.5,0.5,0.7,1548.2218992865273,39.34745098842525,35.95458590450495,-2.0047531223125747
0.8,0.4,0.5,0.7,0.1,764.4113997455673,27.64799088081388,23.899468145723908,-0.48355189987642766
0.8,0.4,0.5,0.7,0.3,760.8293465753824,27.58313518393771,23.83477015914673,-0.476599934236126
0.8,0.4,0.5,0.7,0.5,757.2600934051974,27.518359206268048,23.77029092194358,-0.4696728105386896
0.8,0.4,0.5,0.7,0.7,753.7036402350125,27.4536635120891,23.705861391742243,-0.4627705287841195
0.8,0.4,0.5,0.9,0.1,373.8734091504282,19.335806400314112,15.38825562427683,0.2743951664731683
0.8,0.4,0.5,0.9,0.3,372.4489398728606,19.298936236820428,15.355235490048642,0.27715974337999416
0.8,0.4,0.5,0.9,0.5,371.0372705952931,19.262327756408183,15.322263155839869,0.279899478343954
0.8,0.4,0.5,0.9,0.7,369.63840131772565,19.22598245390143,15.289511477987519,0.2826143713650482
0.8,0.4,0.7,0.3,0.1,2761.5004420889036,52.549980419491156,49.30202587067441,-4.359455953605884
0.8,0.4,0.7,0.3,0.3,2753.628116362085,52.475023738556665,49.223099696177755,-4.344177526580391
0.8,0.4,0.7,0.3,0.5,2745.7685906352676,52.40008197164645,49.144173521681125,-4.328923941497766
0.8,0.4,0.7,0.3,0.7,2737.9218649084505,52.325155182841556,49.06524734718448,-4.3136951983580065
0.8,0.4,0.7,0.5,0.1,1554.2535452192208,39.42402243834615,36.03610641055855,-2.016459200722456
0.8,0.4,0.7,0.5,0.3,1548.5388033850202,39.35147777892236,35.959059430692776,-2.005368162430441
0.8,0.4,0.7,0.5,0.5,1542.83686155082,39.27896207323737,35.882012450827006,-1.9943019660812915
0.8,0.4,0.7,0.5,0.7,1537.14771971662,39.20647548194839,35.804965470961235,-1.983260611675008
0.8,0.4,0.7,0.7,0.1,757.4596684837662,27.521985184280698,23.77416058316618,-0.4700601412183174
0.8,0.4,0.7,0.7,0.3,753.9025105421834,27.457285199782287,23.709731052964838,-0.46315649165977857
0.8,0.4,0.7,0.7,0.5,750.3581526006008,27.392666036744227,23.645301522763493,-0.4562776840441054
0.8,0.4,0.7,0.7,0.7,746.826594659018,27.328128268489557,23.58087199256215,-0.44942371837129813
0.8,0.4,0.7,0.9,0.1,371.1188118825401,19.26444424016795,15.32316670963345,0.27974122490653286
0.8,0.4,0.7,0.9,0.3,369.7192378335749,19.22808461167089,15.290394686981353,0.28245748573159546
0.8,0.4,0.7,0.9,0.5,368.33246378460956,19.19198957337695,15.257889552736657,0.2851489046137924
0.8,0.4,0.7,0.9,0.7,366.95848973564426,19.156160620950228,15.225406331260142,0.28781548155312353
0.8,0.6,0.1,0.3,0.1,2787.8417615160365,52.80001668102044,49.56506360202789,-4.41057857487289
0.8,0.6,0.1,0.3,0.3,2779.9267501034124,52.7250106695429,49.486137427531254,-4.395217304459275
0.8,0.6,0.1,0.3,0.5,2772.024538690788,52.65001936078265,49.40721125303461,-4.379880875988524
0.8,0.6,0.1,0.3,0.7,2764.1351272781635,52.575042817654115,49.32828507853795,-4.36456928946064
0.8,0.6,0.1,0.5,0.1,1573.3974223961584,39.666073947343946,36.29235026152527,-2.0536131931489168
0.8,0.6,0.1,0.5,0.3,1567.6399948761516,39.59343373434731,36.2153032816595,-2.0424393114687773
0.8,0.6,0.1,0.5,0.5,1561.8953673561446,39.52082194686928,36.13825630179373,-2.031290271731503
0.8,0.6,0.1,0.5,0.7,1556.1635398361377,39.448238741877155,36.061209321927954,-2.020166073937095
0.8,0.6,0.1,0.7,0.1,769.4061034105086,27.738170513040487,23.988671527544906,-0.4932455048042321
0.8,0.6,0.1,0.7,0.3,765.8062597831192,27.673204725566556,23.92397354096773,-0.4862590118575685
0.8,0.6,0.1,0.7,0.5,762.2192161557299,27.60831787986602,23.85927555439055,-0.4792973608537707
0.8,0.6,0.1,0.7,0.7,758.6449725283404,27.543510533850625,23.794766364599063,-0.47236055179283887
0.8,0.6,0.1,0.9,0.1,375.86780455908695,19.38731040033885,15.436572736732703,0.270524490161165
0.8,0.6,0.1,0.9,0.3,374.42554482431507,19.35007867747093,15.403015689752838,0.27332359437435205
0.8,0.6,0.1,0.9,0.5,372.99608508954304,19.313106562372173,15.36984284953675,0.2760978566446738
0.8,0.6,0.1,0.9,0.7,371.5794253547711,19.27639554882528,15.336872576778372,0.2788472769721294
0.8,0.6,0.3,0.3,0.1,2772.46010019804,52.654155583372905,49.41161254616286,-4.380726203650843
0.8,0.6,0.3,0.3,0.3,2764.5699840140173,52.57917823638952,49.33268637166621,-4.365413249318989
0.8,0.6,0.3,0.3,0.5,2756.692667829996,52.50421571483566,49.253760197169576,-4.350125136930003
0.8,0.6,0.3,0.3,0.7,2748.8281516459733,52.429268082302784,49.174834022672925,-4.33486186648388
0.8,0.6,0.3,0.5,0.1,1562.2128950720746,39.52483896326555,36.142729827981555,-2.031906522151615
0.8,0.6,0.3,0.5,0.3,1556.48036278067,39.45225421671961,36.065682848115785,-2.020780956553238
0.8,0.6,0.3,0.5,0.5,1550.7606304892652,39.37969820210999,35.988635868250014,-2.0096802328977263
0.8,0.6,0.3,0.5,0.7,1545.0536981978607,39.30717107854317,35.911588888384244,-1.9986043511850817
0.8,0.6,0.3,0.7,0.1,762.418710080338,27.611930575031113,23.863197353412932,-0.47968453403167555
0.8,0.6,0.3,0.7,0.3,758.8437616815507,27.547118936134694,23.798636025821658,-0.47274635716677493
0.8,0.6,0.3,0.7,0.5,755.2816132827636,27.482387328664945,23.734206495620313,-0.46583302224474044
0.8,0.6,0.3,0.7,0.7,751.7322648839765,27.417736319469856,23.669776965418972,-0.4589445292655716
0.8,0.6,0.3,0.9,0.1,373.07754522282943,19.315215381217715,15.370794203349742,0.2759397607089755
0.8,0.6,0.3,0.9,0.3,371.6601807166597,19.278490104690764,15.33777406912156,0.2786905488403998
0.8,0.6,0.3,0.9,0.5,370.25561621048996,19.242027341485876,15.30500410791986,0.28141649502895827
0.8,0.6,0.3,0.9,0.7,368.86385170432027,19.20582858676814,15.272390256209096,0.28411759927465097
0.8,0.6,0.5,0.3,0.1,2757.1273889499807,52.50835542035173,49.25816149029783,-4.3509688335882215
0.8,0.6,0.5,0.3,0.3,2749.2621679945605,52.43340698442702,49.179235315801186,-4.335704195338131
0.8,0.6,0.5,0.3,0.5,2741.409747039141,52.35847349798446,49.10030914130454,-4.320464399030907
0.8,0.6,0.5,0.3,0.7,2733.570126083721,52.28355502530142,49.02138296680789,-4.305249444666549
0.8,0.6,0.5,0.5,0.1,1551.0773178179286,39.38371894346608,35.99310939443784,-2.0102948523137396
0.8,0.6,0.5,0.5,0.3,1545.3696807551262,39.311190273955404,35.91606241457207,-1.9992176027971258
0.8,0.6,0.5,0.5,0.5,1539.6748436923235,39.23869064701731,35.83901543470629,-1.9881651952233774
0.8,0.6,0.5,0.5,0.7,1533.9928066295213,39.16622022393176,35.76196845484052,-1.9771376295924958
0.8,0.6,0.5,0.7,0.1,755.4802668201048,27.486001288294098,23.73807615684291,-0.46621856441854614
0.8,0.6,0.5,0.7,0.3,751.9302136499199,27.421345948912133,23.67364662664157,-0.45932870363540856
0.8,0.6,0.5,0.7,0.5,748.3929604797349,27.356771748138247,23.609217096440226,-0.4524636847951369
0.8,0.6,0.5,0.7,0.7,744.8685073095501,27.292279261900244,23.544787566238885,-0.4456235078977311
0.8,0.6,0.5,0.9,0.1,370.3362359565094,19.24412211446678,15.305887316913694,0.2812600300973591
0.8,0.6,0.5,0.9,0.3,368.9437666789419,19.207908961647593,15.273260709842004,0.28396250214702046
0.8,0.6,0.5,0.9,0.5,367.56409740137434,19.171961229915272,15.240777488365497,0.286640132253816
0.8,0.6,0.5,0.9,0.7,366.1972281238069,19.136280415059947,15.208294266888986,0.2892929204177457
0.8,0.6,0.7,0.3,0.1,2741.843627771859,52.362616700961944,49.104710434432796,-4.321306464685027
0.8,0.6,0.7,0.3,0.3,2734.003302045041,52.28769742535084,49.02578425993615,-4.3060901425167
0.8,0.6,0.7,0.3,0.5,2726.1757763182236,52.21279322463244,48.94685808543951,-4.290898662291239
0.8,0.6,0.7,0.3,0.7,2718.361050591406,52.13790416377903,48.867931910942865,-4.275732024008644
0.8,0.6,0.7,0.5,0.1,1539.9906906337199,39.242715128208445,35.84348896089411,-1.988778183635291
0.8,0.6,0.7,0.5,0.3,1534.3079487995199,39.17024315471529,35.76644198102835,-1.9777492502004406
0.8,0.6,0.7,0.5,0.5,1528.6380069653194,39.09780053871726,35.68939979991728,-1.9667451587084552
0.8,0.6,0.7,0.5,0.7,1522.9808651311191,39.02538744370284,35.61287895126987,-1.9557659091593362
0.8,0.6,0.7,0.7,0.1,748.5907736298093,27.360386942253015,23.61308675766282,-0.45284759596484325
0.8,0.6,0.7,0.7,0.3,745.0656156882266,27.29589008785437,23.548657227461483,-0.44600605126346893
0.8,0.6,0.7,0.7,0.5,741.5532577466438,27.231475497053843,23.484465905445894,-0.4391893485049603
0.8,0.6,0.7,0.7,0.7,738.0536998050612,27.167143755004155,23.42069481612008,-0.4323974876893175
0.8,0.6,0.7,0.9,0.1,367.64387676012694,19.174041742943164,15.241647941998401,0.2864852983263161
0.8,0.6,0.7,0.9,0.3,366.27630271116163,19.13834639437696,15.20916472052189,0.2891394542942144
0.8,0.6,0.7,0.9,0.5,364.92152866219635,19.102919375378107,15.176681499045381,0.2917687683192469
0.8,0.6,0.7,0.9,0.7,363.5795546132311,19.06776218157839,15.144598115997324,0.29437324040141355
0.8,0.8,0.1,0.3,0.1,2768.0782329844756,52.61252923956874,49.36774816578628,-4.372221977481724
0.8,0.8,0.1,0.3,0.3,2760.1952215718516,52.53756010295731,49.28882199128964,-4.356922811925272
0.8,0.8,0.1,0.3,0.5,2752.3250101592275,52.46260582700051,49.209895816792994,-4.341648488311687
0.8,0.8,0.1,0.3,0.7,2744.467598746603,52.3876664754845,49.13096964229635,-4.326399006640966
0.8,0.8,0.1,0.5,0.1,1559.0278535961413,39.48452676170934,36.09973281186085,-2.0257250675914413
0.8,0.8,0.1,0.5,0.3,1553.3024260761345,39.411957907164854,36.02268583199508,-2.014613290768466
0.8,0.8,0.1,0.5,0.5,1547.5897985561278,39.33941787261382,35.9456388521293,-2.0035263558883565
0.8,0.8,0.1,0.5,0.7,1541.8899710361209,39.26690681777877,35.86859187226353,-1.992464262951112
0.8,0.8,0.1,0.7,0.1,760.4304943420352,27.57590423434987,23.826981129699732,-0.4758258510804467
0.8,0.8,0.1,0.7,0.3,756.862650714646,27.511136848822623,23.76255159949839,-0.4689014629909478
0.8,0.8,0.1,0.7,0.5,753.3076070872564,27.446449808440736,23.69812206929705,-0.46200191684431413
0.8,0.8,0.1,0.7,0.7,749.7653634598671,27.381843682627856,23.63369253909571,-0.4551272126405468
0.8,0.8,0.1,0.9,0.1,372.28615522215716,19.294718324509358,15.353332782422653,0.27747567205125967
0.8,0.8,0.1,0.9,0.3,370.8758954873852,19.25813842216805,15.320496737852201,0.28021267140728257
0.8,0.8,0.1,0.9,0.5,369.4784357526132,19.22182186351266,15.287761413314447,0.2829248288204397
0.8,0.8,0.1,0.9,0.7,368.0937760178413,19.185770143985394,15.255278191837936,0.2856121442907309
0.8,0.8,0.3,0.3,0.1,2752.7588097379844,52.466740033453426,49.214297109921255,-4.3424903964640835
0.8,0.8,0.3,0.3,0.3,2744.9006935539624,52.3917998693876,49.1353709354246,-4.327239546989395
0.8,0.8,0.3,0.3,0.5,2737.0553773699403,52.31687469038972,49.05644476092796,-4.312013539457571
0.8,0.8,0.3,0.3,0.7,2729.222861185918,52.24196456093433,48.97751858643132,-4.296812373868615
0.8,0.8,0.3,0.5,0.1,1547.9055643435634,39.343431018958725,35.95011237831713,-2.0041391867985467
0.8,0.8,0.3,0.5,0.3,1542.2050320521587,39.27091840092562,35.87306539845137,-1.9930757260573344
0.8,0.8,0.3,0.5,0.5,1536.517299760754,39.19843491468446,35.79601841858558,-1.9820371072589875
0.8,0.8,0.3,0.5,0.7,1530.8423674693493,39.125980722141,35.71897143871981,-1.9710233304035065
0.8,0.8,0.3,0.7,0.1,753.5053390833702,27.45005171367388,23.701991730519644,-0.46238567051229795
0.8,0.8,0.3,0.7,0.3,749.9623906845829,27.385441217635748,23.637562200318303,-0.45550959850456185
0.8,0.8,0.3,0.7,0.5,746.4322422857958,27.32091217887492,23.57313267011696,-0.4486583684396914
0.8,0.8,0.3,0.7,0.7,742.9148938870086,27.25646517593594,23.508703139915617,-0.4418319803176869
0.8,0.8,0.3,0.9,0.1,369.5581339574051,19.22389486959927,15.288631866947352,0.28277015239466274
0.8,0.8,0.3,0.9,0.3,368.1727694512354,19.18782867995322,15.25614864547084,0.2854588356689226
0.8,0.8,0.3,0.9,0.5,366.8002049450657,19.152028742278603,15.22366542399433,0.2881226770003167
0.8,0.8,0.3,0.9,0.7,365.44044043889596,19.1164965524255,15.191182202517819,0.290761676388845
0.8,0.8,0.5,0.3,0.1,2737.488336561431,52.32101238089178,49.06084605405622,-4.31285381660587
0.8,0.8,0.5,0.3,0.3,2729.655115606011,52.246101439303686,48.98191987955958,-4.297651283212944
0.8,0.8,0.5,0.3,0.5,2721.834694650591,52.171205608559504,48.902993705062926,-4.2824735917628844
0.8,0.8,0.5,0.3,0.7,2714.027073695171,52.09632495383116,48.82406753056628,-4.2673207422556905
0.8,0.8,0.5,0.5,0.1,1536.8322251609227,39.20245177486891,35.80049194477341,-1.982648307165079
0.8,0.8,0.5,0.5,0.3,1531.1565880981207,39.12999601454261,35.723444964907635,-1.97163316250563
0.8,0.8,0.5,0.5,0.5,1525.493751035318,39.05756970211175,35.64662156713168,-1.9606428597890457
0.8,0.8,0.5,0.5,0.7,1519.8437139725154,38.985173001700474,35.57011150001758,-1.9496773990153278
0.8,0.8,0.5,0.7,0.1,746.6291338946426,27.32451525452268,23.577002331339557,-0.4490404911035759
0.8,0.8,0.5,0.7,0.3,743.1110807244577,27.2600638430004,23.512572801138216,-0.44221273517760284
0.8,0.8,0.5,0.7,0.5,739.6058275542727,27.195695018775908,23.448597827394497,-0.43540982119449545
0.8,0.8,0.5,0.7,0.7,736.1133743840879,27.131409369660247,23.38494944794707,-0.42863174915425417
0.8,0.8,0.5,0.9,0.1,366.8790627625907,19.154087364387546,15.224535877627241,0.287969631578639
0.8,0.8,0.5,0.9,0.3,365.51859348502313,19.1185405689091,15.19205265615073,0.2906099987711359
0.8,0.8,0.5,0.9,0.5,364.17092420745564,19.083262933981064,15.159718729035053,0.29322552402076685
0.8,0.8,0.5,0.9,0.7,362.8360549298882,19.048255955070747,15.127861404559486,0.2958162073275321
0.8,0.8,0.7,0.3,0.1,2722.2668134548153,52.17534679764779,48.90739499819119,-4.283312237907084
0.8,0.8,0.7,0.3,0.3,2714.4584877279967,52.10046533120406,48.82846882369454,-4.26815802059592
0.8,0.8,0.7,0.3,0.5,2706.6629620011795,52.025599102760744,48.7495426491979,-4.253028645227624
0.8,0.8,0.7,0.3,0.7,2698.880236274362,51.95074817819626,48.670616474701255,-4.237924111802193
0.8,0.8,0.7,0.5,0.1,1525.8078360482198,39.061590290824306,35.65113398482692,-1.9612524286910382
0.8,0.8,0.7,0.5,0.3,1520.1570942140195,38.98919201796851,35.57462391771283,-1.950285600113352
0.8,0.8,0.7,0.5,0.5,1514.5191523798192,38.91682351348603,35.49811385059873,-1.9393436134785311
0.8,0.8,0.7,0.5,0.7,1508.894010545619,38.844484943755134,35.421603783484635,-1.9284264687865762
0.8,0.8,0.7,0.7,0.1,739.8018787758526,27.199299233176074,23.452519596721064,-0.4357903128542808
0.8,0.8,0.7,0.7,0.3,736.3087208342699,27.1350091364324,23.388882735583167,-0.4290108730100708
0.8,0.8,0.7,0.7,0.5,732.8283628926871,27.07080277517989,23.32525857450934,-0.42225627510872643
0.8,0.8,0.7,0.7,0.7,729.3608049511043,27.006680746643124,23.26172086742898,-0.41552651915024774
0.8,0.8,0.7,0.9,0.1,364.2489416377137,19.0853069568638,15.160571270359744,0.29307410960318847
0.8,0.8,0.7,0.9,0.3,362.9133675887485,19.0502852364144,15.12871889614074,0.29566616071392215
0.8,0.8,0.7,0.9,0.5,361.59059353978313,19.015535583826797,15.097323314762,0.2982333698817904
0.8,0.8,0.7,0.9,0.7,360.28061949081786,18.981059493369116,15.066591001883523,0.3007757371067926
