model,mse,rmse,r2,mae,training_time
Random Forest,124.4515516236306,11.155785567302313,0.8297647952705285,8.757086913344422,0.8406920433044434
Gradient Boosting,159.7931676525772,12.640932230360908,0.7814215873179832,10.062595569202948,0.30207395553588867
AdaBoost,245.5881964720469,15.67125382578072,0.6640639963092094,12.910279215094327,0.05964231491088867
KNN,248.97855022614453,15.779054161328698,0.6594263878752094,11.969062044399998,0.02810811996459961
SVR,360.85542008504285,18.99619488437205,0.5063918809008046,15.024500395229074,0.2059462070465088
Linear Regression,488.87908167966293,22.110610160727425,0.3312704464353905,17.943082360479885,0.005203962326049805
Ridge Regression,489.0270786126641,22.113956647616547,0.3310680038956222,17.947033761437126,0.004426002502441406
Lasso Regression,493.12063357372296,22.20631967647325,0.32546849824241286,18.03110777742901,0.014586925506591797
ElasticNet,497.0033891175301,22.293572820827308,0.3201573416012048,18.194573912402475,0.003314971923828125
